ID,NAME,施設名,状態,公開画面URL,管理画面URL,更新日時,作成日時,大_区・地域,小_区・地域,大_分類,小_分類,イベントカレンダー,所在地_住所,所在地_緯度経度,電話,画像URL,サムネイル画像URL,ひと言,詳細ページのリンク先,URL,開催日,開催時間,園庭開放,駐車場
1637,2.02104E+12,浜松中央こども園,公開中,https://www.hamamatsu-pippi.net/tsunagaru/h_hoikuen/2021041900027/,https://www.hamamatsu-pippi.net/_admin/child/c1/32/facilities/1637,2021/4/19 15:04,2021/4/19 14:04,中区,中央,ひろば,親子ひろば,加えない,尾張町127-7,"34.711921,137.730753",053-453-0249,,,,,http://www.hamachuuyou.ed.jp/,第3木曜日　※詳細はHPをご確認ください。,"10:00～11:30
",毎週金曜日,あり
1638,2.02104E+12,れんりの子,公開中,https://www.hamamatsu-pippi.net/tsunagaru/h_hoikuen/2021041900034/,https://www.hamamatsu-pippi.net/_admin/child/c1/32/facilities/1638,2021/4/19 15:05,2021/4/19 14:11,北区,都田,ひろば,親子ひろば,加えない,都田町8503-19,"34.81528780507352,137.73294470739137",053-428-3500,,,,,https://hoikuen-lenri.com/,月2回　不定期,10:00～10:40,毎週月曜日～金曜日（祝日は除く）　9:00～11:30,10台
1639,2.02104E+12,はぐみなの風保育園,公開中,https://www.hamamatsu-pippi.net/tsunagaru/h_hoikuen/2021041900041/,https://www.hamamatsu-pippi.net/_admin/child/c1/32/facilities/1639,2021/4/19 15:27,2021/4/19 14:37,北区,三方原,ひろば,親子ひろば,加えない,根洗町693,"34.7983252562656,137.69981546876045",053-414-8937,,,,,https://hagumina.com/,第3水曜日,10:00～11:00,水曜　9:00～11:00,10台
1640,2.02104E+12,チャイルドスクエア浜松三ヶ日,公開中,https://www.hamamatsu-pippi.net/tsunagaru/h_hoikuen/2021041900058/,https://www.hamamatsu-pippi.net/_admin/child/c1/32/facilities/1640,2021/4/19 15:28,2021/4/19 14:41,北区,三ヶ日,ひろば,親子ひろば,加えない,三ヶ日町三ヶ日916-70,"34.80326463100707,137.5489747534499",053-524-4188,,,,,http://childsquare.com/,第3水曜日,9:30～11:30,毎週木曜日,あり
1641,2.02104E+12,ひがしみかた保育園,公開中,https://www.hamamatsu-pippi.net/tsunagaru/h_hoikuen/2021041900065/,https://www.hamamatsu-pippi.net/_admin/child/c1/32/facilities/1641,2021/4/19 15:54,2021/4/19 15:38,北区,三方原,ひろば,親子ひろば,加えない,東三方町519-5,"34.78579506916425,137.7374416819695",053-401-1231,,,,,,6月より　月・水,9:30～11:30,"天気次第（10:45～11:20）



",あり
1511,2.01903E+12,音の森こども園,公開中,https://www.hamamatsu-pippi.net/tsunagaru/h_hoikuen/2019033000039/,https://www.hamamatsu-pippi.net/_admin/child/c1/32/facilities/1511,2019/3/30 11:22,2019/3/30 11:22,中区,富塚,ひろば,親子ひろば,加えない,富塚町3657-１,"34.729238,137.696415",053-488-5116,,,,,https://otonomori-kodomoen.jp/,水,9：30～11：00,水　9：30～11：00,15台
1512,2.01903E+12,チャイルドスクエア浜松花川,公開中,https://www.hamamatsu-pippi.net/tsunagaru/h_hoikuen/2019033000046/,https://www.hamamatsu-pippi.net/_admin/child/c1/32/facilities/1512,2021/3/17 13:50,2019/3/30 11:30,中区,萩丘,ひろば,親子ひろば,加えない,花川町1846,"34.774337,137.689306",053-414-1212,,,,,,第3水,10：00～11：00,毎週木　10：00～11：00,5台
1513,2.01903E+12,イーエーエスはんだやま保育園,公開中,https://www.hamamatsu-pippi.net/tsunagaru/h_hoikuen/2019033000053/,https://www.hamamatsu-pippi.net/_admin/child/c1/32/facilities/1513,2019/3/30 11:33,2019/3/30 11:33,東区,積志,ひろば,親子ひろば,加えない,半田山二丁目24-3,"34.769837,137.735568",053-432-7076,,,,,,月（月1回）,10：00～11：30,月～金　10：00～11：30,園舎裏側
1514,2.01903E+12,森のいえ　はまきた,公開中,https://www.hamamatsu-pippi.net/tsunagaru/h_hoikuen/2019033000060/,https://www.hamamatsu-pippi.net/_admin/child/c1/32/facilities/1514,2019/3/30 11:36,2019/3/30 11:36,浜北区,赤佐,ひろば,親子ひろば,加えない,於呂2739,"34.838348,137.796406",053-580-3131,,,,,http://hamakita-hoiku.com,水・金,9：30～12：00,水・金　9：30～12：00,30台
1515,2.01903E+12,うちのの丘。保育園,公開中,https://www.hamamatsu-pippi.net/tsunagaru/h_hoikuen/2019033000077/,https://www.hamamatsu-pippi.net/_admin/child/c1/32/facilities/1515,2019/3/30 11:42,2019/3/30 11:42,浜北区,浜名,ひろば,親子ひろば,加えない,内野台二丁目13-6,"34.784855,137.749913",053-544-7080,,,,,,不定期（月1回）,10：00～11：00,月・水・金　9：30～12：00,15台
1568,2.02004E+12, まつのき保育園,公開中,https://www.hamamatsu-pippi.net/tsunagaru/h_hoikuen/2020040400033/,https://www.hamamatsu-pippi.net/_admin/child/c1/32/facilities/1568,2020/4/4 10:40,2020/4/4 10:40,中区,西,ひろば,親子ひろば,加えない,西伊場町7-5,"34.701003,137.708025",053-488-6166,,,,,http://minnano-mori.sakura.ne.jp/,火,9:30～11:00,火 9:30～11:00,80台
1569,2.02004E+12,チャイルドスクエア浜松篠原,公開中,https://www.hamamatsu-pippi.net/tsunagaru/h_hoikuen/2020040400040/,https://www.hamamatsu-pippi.net/_admin/child/c1/32/facilities/1569,2020/4/4 10:43,2020/4/4 10:43,西区,篠原,ひろば,親子ひろば,加えない,篠原町22451,"34.683237,137.673101",053-415-2525,,,,," 	 http://www.childsquare.com",第3水,10:00～11:00,毎週木 9:30～11:30,10台
1337,2.01603E+12,なかざわこども園,公開中,https://www.hamamatsu-pippi.net/tsunagaru/h_hoikuen/2016032400068/,https://www.hamamatsu-pippi.net/_admin/child/c1/32/facilities/1337,2016/4/1 12:54,2016/3/24 12:04,中区,北,ひろば,親子ひろば,加えない,中沢町58-9,"34.722969,137.727925",053-471-0497,,,,,http://nakazawa.ed.jp/,月～金,9：00～10：00 ,月～金 9：00～10：00 ,10台
1338,2.01603E+12,みそらこども園,公開中,https://www.hamamatsu-pippi.net/tsunagaru/h_hoikuen/2016032400075/,https://www.hamamatsu-pippi.net/_admin/child/c1/32/facilities/1338,2017/4/1 16:34,2016/3/24 12:06,中区,江西,ひろば,親子ひろば,加えない,神田町513,"34.690774,137.718816",053-443-9836,,,,,http://misora-kodomoen.jp/,水,9：30～11：00,水 9：30～11：00,20台
1339,2.01603E+12,そらいろこども園,公開中,https://www.hamamatsu-pippi.net/tsunagaru/h_hoikuen/2016032400082/,https://www.hamamatsu-pippi.net/_admin/child/c1/32/facilities/1339,2018/4/2 16:32,2016/3/24 12:07,東区,長上,ひろば,親子ひろば,加えない,市野町1084,"34.751399,137.778885",053-581-8670,,,,,http://sorairo-ho.jp/,火・木,10：00～12：00,火・木,15台
1340,2.01603E+12,春日こども園,公開中,https://www.hamamatsu-pippi.net/tsunagaru/h_hoikuen/2016032400099/,https://www.hamamatsu-pippi.net/_admin/child/c1/32/facilities/1340,2016/4/1 12:54,2016/3/24 12:11,西区,篠原,ひろば,親子ひろば,加えない,馬郡町2560,"34.683357,137.627933",053-592-1600,,,,,http://www.kasuga-kids.jp/,水,10：00～11：00,水,20台
1341,2.01603E+12,マーガレット保育園,公開中,https://www.hamamatsu-pippi.net/tsunagaru/h_hoikuen/2016032400105/,https://www.hamamatsu-pippi.net/_admin/child/c1/32/facilities/1341,2016/4/1 12:53,2016/3/24 14:09,西区,篠原,ひろば,親子ひろば,加えない,坪井町4571,"34.682408,137.64999",053-482-7078,,,,,,火,9：00～11：30,火,10台
1342,2.01603E+12,平和こども園,公開中,https://www.hamamatsu-pippi.net/tsunagaru/h_hoikuen/2016032400112/,https://www.hamamatsu-pippi.net/_admin/child/c1/32/facilities/1342,2016/4/1 12:54,2016/3/24 14:11,南区,白脇,ひろば,親子ひろば,加えない,三島町1200,"34.68726,137.747542",053-443-1601,,,,,http://www.hhg-heiwa.jp/,水（原則）,9：30～11：30,水 9：30～11：30,20台
1343,2.01603E+12,はらっぱ保育園,公開中,https://www.hamamatsu-pippi.net/tsunagaru/h_hoikuen/2016032400129/,https://www.hamamatsu-pippi.net/_admin/child/c1/32/facilities/1343,2016/4/13 17:03,2016/3/24 14:13,北区,三方原,ひろば,親子ひろば,加えない,三幸町440-10,"34.804057,137.724555",053-482-9207,,,,,,火,9：30～11：30,土 9：30～11：30,あり
1344,2.01603E+12,遊歩の丘はまなこども園,公開中,https://www.hamamatsu-pippi.net/tsunagaru/h_hoikuen/2016032400136/,https://www.hamamatsu-pippi.net/_admin/child/c1/32/facilities/1344,2017/4/1 16:40,2016/3/24 14:15,浜北区,浜名,ひろば,親子ひろば,加えない,小松1285-1,"34.792602,137.771744",053-585-4141,,,,,,木,9：30～11：00,木　9：30～11：00,30台
1345,2.01603E+12,子育てセンターかきのみ,公開中,https://www.hamamatsu-pippi.net/tsunagaru/h_hoikuen/2016032400167/,https://www.hamamatsu-pippi.net/_admin/child/c1/32/facilities/1345,2016/4/1 12:53,2016/3/24 14:18,浜北区,中瀬,ひろば,親子ひろば,加えない,中瀬2308,"34.830231,137.808881",053-545-3870,,,,,http://www.tenryu-kohseikai.or.jp/children/kakinomi/index.html,月～金,9：00～16：00,月～金 9：00～16：00,20台
1346,2.01603E+12,浜北西保育園,公開中,https://www.hamamatsu-pippi.net/tsunagaru/h_hoikuen/2016032400174/,https://www.hamamatsu-pippi.net/_admin/child/c1/32/facilities/1346,2016/4/1 12:53,2016/3/24 14:23,浜北区,麁玉,ひろば,親子ひろば,加えない,新原4284-1,"34.811355,137.765125",053-585-5590,,,,,http://www.higashihoikuen.jp/company1.html,水 または 木,10：00～11：00,水・土 9：30～16：00,30台
1403,2.01703E+12,聖隷こども園めぐみ,公開中,https://www.hamamatsu-pippi.net/tsunagaru/h_hoikuen/2017033100094/,https://www.hamamatsu-pippi.net/_admin/child/c1/32/facilities/1403,2017/4/1 14:17,2017/3/31 11:30,中区,萩丘,ひろば,親子ひろば,加えない,和合町555-1,"34.742264,137.701493",053-401-1212,,,,,,毎月1回,10：00～11：30,月～金　9：30～11：30,あり
1404,2.01703E+12,太陽さぎのみやこども園,公開中,https://www.hamamatsu-pippi.net/tsunagaru/h_hoikuen/2017033100100/,https://www.hamamatsu-pippi.net/_admin/child/c1/32/facilities/1404,2017/4/1 13:42,2017/3/31 11:37,東区,積志,ひろば,親子ひろば,加えない,大瀬町752,"34.7606765,：137.7630729",053-432-5515,,,,,http://www.shafuku-wakabakai.or.jp/,木曜日,10：00～11：30,木　11：00～11：30,40台
1405,2.01703E+12,遊歩の丘かみにしこども園,公開中,https://www.hamamatsu-pippi.net/tsunagaru/h_hoikuen/2017033100117/,https://www.hamamatsu-pippi.net/_admin/child/c1/32/facilities/1405,2017/4/1 13:46,2017/3/31 11:38,東区,蒲,ひろば,親子ひろば,加えない,上西町853-2,"34.723422,137.759473"," 	053-468-1818",,,,,http://ufo.or.jp/,火曜日,9：30～11：00,火曜日,15台
1406,2.01703E+12,きなりこどもえん,公開中,https://www.hamamatsu-pippi.net/tsunagaru/h_hoikuen/2017033100124/,https://www.hamamatsu-pippi.net/_admin/child/c1/32/facilities/1406,2017/4/1 14:18,2017/3/31 11:38,東区,蒲,ひろば,親子ひろば,加えない,植松町53-4,"34.7103805,137.7549205",053-424-6666,,,,,http://kinarikodomoen.com/,月1回　月曜日,10：00～10：40,月　10：00～11：30,10台
1407,2.01703E+12,若林こどもの園,公開中,https://www.hamamatsu-pippi.net/tsunagaru/h_hoikuen/2017033100131/,https://www.hamamatsu-pippi.net/_admin/child/c1/32/facilities/1407,2017/4/1 13:49,2017/3/31 11:40,南区,可美,ひろば,親子ひろば,加えない,若林町2658-1,"34.693721,137.701811",053-401-3786,,,,,http://waka-kodomo.jp/,火,9：30～11：00,あり,あり
1408,2.01703E+12,あゆみの森こども園,公開中,https://www.hamamatsu-pippi.net/tsunagaru/h_hoikuen/2017033100148/,https://www.hamamatsu-pippi.net/_admin/child/c1/32/facilities/1408,2018/4/2 16:34,2017/3/31 11:41,浜北区,北浜,ひろば,親子ひろば,加えない,寺島2889-1,"34.786476,137.794276",053-585-2345,,,,,http://www.ikutokukai.ed.jp/,月1~2回,10：00～11：00,月～金　10：00～11：00,30台
1409,2.01703E+12,子育てセンターみゅうのおか,公開中,https://www.hamamatsu-pippi.net/tsunagaru/h_hoikuen/2017033100155/,https://www.hamamatsu-pippi.net/_admin/child/c1/32/facilities/1409,2018/4/2 16:34,2017/3/31 11:42,浜北区,赤佐,ひろば,親子ひろば,加えない,根堅2596-1,"34.853051,137.8012",053-545-6380,,,,,http://www.tenryu-kohseikai.or.jp/children/mewnooka/index.html,月～金,9：00～16：00,月～金 9：00～16：00,15台
1414,2.01704E+12,相生こども園,公開中,https://www.hamamatsu-pippi.net/tsunagaru/h_hoikuen/2017041700040/,https://www.hamamatsu-pippi.net/_admin/child/c1/32/facilities/1414,2017/4/17 9:51,2017/4/17 9:51,中区,江東,ひろば,親子ひろば,加えない,相生町14-30,"34.708299,137.748291",053-461-6519,,,,,http://aioigakuen.web.fc2.com/aioi/a_support.html,月1回 木曜日,10：00～11：00,毎週火曜日,あり
1517,2.01904E+12,伊左地保育園,公開中,https://www.hamamatsu-pippi.net/tsunagaru/h_hoikuen/2019042400035/,https://www.hamamatsu-pippi.net/_admin/child/c1/32/facilities/1517,2019/4/24 11:11,2019/4/24 11:11,西区,伊佐見,ひろば,親子ひろば,加えない,大人見町2966,"34.740198,137.662089",053-485-2700,,,,,http://www.isaji-hoikuen.com/,火曜日,10：00～11：30,10：00～11：30,15台
1453,2.01803E+12,さざんかこども園,公開中,https://www.hamamatsu-pippi.net/tsunagaru/h_hoikuen/2018032200402/,https://www.hamamatsu-pippi.net/_admin/child/c1/32/facilities/1453,2018/4/2 16:36,2018/3/22 10:12,西区,篠原,ひろば,親子ひろば,加えない,篠原町25654,"34.676315,137.658425",053-449-6116,,,,,http://hanazonokai.jimdo.com,金,9：30～11：30,金　9：30～10：30,20台
1450,2.01803E+12,ありたまこども園,公開中,https://www.hamamatsu-pippi.net/tsunagaru/h_hoikuen/2018032200372/,https://www.hamamatsu-pippi.net/_admin/child/c1/32/facilities/1450,2018/4/2 16:33,2018/3/22 10:05,東区,積志,ひろば,親子ひろば,加えない,有玉南町2013,"34.749553,137.746065",053-479-5588,,,,,https://aritama.com,火・木,9：30～11：30,園へお問い合わせください。,10台
1451,2.01803E+12,天竜こども園,公開中,https://www.hamamatsu-pippi.net/tsunagaru/h_hoikuen/2018032200389/,https://www.hamamatsu-pippi.net/_admin/child/c1/32/facilities/1451,2018/4/2 16:36,2018/3/22 10:08,東区,和田,ひろば,親子ひろば,加えない,薬新町315-1,"34.722068,137.785911",053-421-5355,,,,,http://tenryukodomoen.com,水（月1回）,10：00～11：00,月～金　10：00～12：00,20台
1452,2.01803E+12,入野こども園,公開中,https://www.hamamatsu-pippi.net/tsunagaru/h_hoikuen/2018032200396/,https://www.hamamatsu-pippi.net/_admin/child/c1/32/facilities/1452,2018/4/2 16:36,2018/3/22 10:10,西区,入野,ひろば,親子ひろば,加えない,入野町10827-1,"34.695980,137.673618",053-415-0800,,,,,http://www.irinokodomoen.or.jp,火・金,9：30～11：30,9：30～10：30,20台
1454,2.01803E+12,ひまわり第二保育園,公開中,https://www.hamamatsu-pippi.net/tsunagaru/h_hoikuen/2018032200426/,https://www.hamamatsu-pippi.net/_admin/child/c1/32/facilities/1454,2018/4/2 16:35,2018/3/22 10:15,北区,三方原,ひろば,親子ひろば,加えない,豊岡町474-1,"34.793627,137.716684",053-420-8000,,,,,,水,10：00～12：00,水　10：00～12：00,16台
1455,2.01803E+12,こども園みらい,公開中,https://www.hamamatsu-pippi.net/tsunagaru/h_hoikuen/2018032200440/,https://www.hamamatsu-pippi.net/_admin/child/c1/32/facilities/1455,2019/3/30 11:28,2018/3/22 10:19,北区,三方原,ひろば,親子ひろば,加えない,三幸町159-1,"34.797079,137.714820",053-439-3060,,,,,http://kodomoenmirai.com/,第4水曜(第4以外の水曜に遊びの部屋開放),10：00～11：30,月～金,21台
1456,2.01803E+12,子育てセンターなかぜ,公開中,https://www.hamamatsu-pippi.net/tsunagaru/h_hoikuen/2018032200457/,https://www.hamamatsu-pippi.net/_admin/child/c1/32/facilities/1456,2018/4/26 16:59,2018/3/22 10:21,浜北区,中瀬,ひろば,親子ひろば,加えない,中瀬673,"34.80966,137.806736",053-584-0174,,,,,http://www.tenryu-kohseikai.or.jp/children/c_nakazekko/index.html,月～金,9：30～12：00、13：00～15：30,月～金　9：30～12：00、13：00～15：30,16台
1457,2.01803E+12,こども園ことり,公開中,https://www.hamamatsu-pippi.net/tsunagaru/h_hoikuen/2018032200464/,https://www.hamamatsu-pippi.net/_admin/child/c1/32/facilities/1457,2019/9/25 9:31,2018/3/22 10:23,浜北区,浜名,ひろば,親子ひろば,加えない,内野5221-5,"34.796822,137.742030",053-585-0260,,,,,http://nakazawa.ed.jp,火（月1～2回）,9：00～13：00,8：30～10：30,20台
1458,2.01803E+12,ひらくちかえでこども園,公開中,https://www.hamamatsu-pippi.net/tsunagaru/h_hoikuen/2018032200471/,https://www.hamamatsu-pippi.net/_admin/child/c1/32/facilities/1458,2019/10/10 15:45,2018/3/22 10:24,浜北区,浜名,ひろば,親子ひろば,加えない,平口160,"34.800902,137.762936",053-585-1701,,,,,,火・木,9：30～11：30,なし,28台
1251,2.01503E+12,中央ながかみ保育園,公開中,https://www.hamamatsu-pippi.net/tsunagaru/h_hoikuen/2015030500015/,https://www.hamamatsu-pippi.net/_admin/child/c1/32/facilities/1251,2019/4/18 16:32,2015/3/5 12:13,中区,江東,ひろば,親子ひろば,加えない,中島二丁目7-8,"34.701588,137.746617",053-467-6600,,,,,http://www.nanakeikai.jp/facility/chuou-hoiku/,月～金,9：00～11：00,月～金　上記時間,30台
1253,2.01503E+12,あそび西ケ崎保育園,公開中,https://www.hamamatsu-pippi.net/tsunagaru/h_hoikuen/2015030600029/,https://www.hamamatsu-pippi.net/_admin/child/c1/32/facilities/1253,2015/3/31 14:08,2015/3/6 9:32,東区,積志,ひろば,親子ひろば,加えない,西ケ崎町1430,"34.775441,137.762021",053-589-5757,,,,,http://www.asobigakuen.jp/,水（木）,9：45～11：00,土10：00～16：00（月～金開放予定）,30台
1252,2.01503E+12,あそびこども園浜松,公開中,https://www.hamamatsu-pippi.net/tsunagaru/h_hoikuen/2015030600012/,https://www.hamamatsu-pippi.net/_admin/child/c1/32/facilities/1252,2015/3/31 14:08,2015/3/6 9:30,東区,長上,ひろば,親子ひろば,加えない,下石田町320,"34.74263,137.784079",053-422-2525,,,,,http://www.asobigakuen.jp/publics/index/9/,水曜日（園都合により変更の場合あり）,10：00～11：15,月～土 10：00～16：00,25台
1012,2.01402E+12,なかよしこども園,公開中,https://www.hamamatsu-pippi.net/tsunagaru/h_hoikuen/2014021911564/,https://www.hamamatsu-pippi.net/_admin/child/c1/32/facilities/1012,2017/4/1 16:37,2014/2/19 21:05,南区,白脇,ひろば,親子ひろば,加えない,三島町1230,"34.689424,137.747853",053-441-1122,,,,,http://www.meisei.or.jp/nakayoshi/,月・木,9：30～11：30,月・木,40台
1019,2.01402E+12,鴨江保育園,公開中,https://www.hamamatsu-pippi.net/tsunagaru/h_hoikuen/2014021911632/,https://www.hamamatsu-pippi.net/_admin/child/c1/32/facilities/1019,2015/3/31 14:08,2014/2/19 21:05,中区,西,ひろば,親子ひろば,加えない,鴨江二丁目8-1,"34.704838,137.715427",053-453-1206,,,,,,第3水（園都合により変更の場合あり）,10：00～11：00,月～土　10：00～15：00,9台
1020,2.01402E+12,愛恵保育園,公開中,https://www.hamamatsu-pippi.net/tsunagaru/h_hoikuen/2014021911649/,https://www.hamamatsu-pippi.net/_admin/child/c1/32/facilities/1020,2017/4/14 9:15,2014/2/19 21:05,中区,西,ひろば,親子ひろば,加えない,鴨江三丁目41-17（鴨江北町公民館）,"34.705988　,137.716746",053-453-5526,,,,,,第1・2・3　火曜日,9：45～11：00,月～金（午前中）,20台
1021,2.01402E+12,西保育園,公開中,https://www.hamamatsu-pippi.net/tsunagaru/h_hoikuen/2014021911656/,https://www.hamamatsu-pippi.net/_admin/child/c1/32/facilities/1021,2015/3/31 14:08,2014/2/19 21:05,中区,城北,ひろば,親子ひろば,加えない,布橋二丁目4-17,"34.721855,137.714262",053-474-6322,,,,,,不定期,9：30～11：00,月～金10：00～15：00、土 終日,4台
1022,2.01402E+12,天林寺保育園,公開中,https://www.hamamatsu-pippi.net/tsunagaru/h_hoikuen/2014021911663/,https://www.hamamatsu-pippi.net/_admin/child/c1/32/facilities/1022,2015/3/31 14:08,2014/2/19 21:05,中区,北,ひろば,親子ひろば,加えない,下池川町27-1,"34.717189,137.729053",053-473-7718,,,,,http://www.tenriho.com/,月2回　水,10：00～11：45,月～金　9：00～17：00,15台
1023,2.01402E+12,なのはな保育園,公開中,https://www.hamamatsu-pippi.net/tsunagaru/h_hoikuen/2014021911670/,https://www.hamamatsu-pippi.net/_admin/child/c1/32/facilities/1023,2015/3/31 14:08,2014/2/19 21:05,中区,アクト,ひろば,親子ひろば,加えない,中央三丁目4-7,"34.707624,137.741222",053-453-2620,,,,,http://www.nanohanahoiku.com/,不定期,9：30～11：30,土 9：30～11：30,無し
1024,2.01402E+12,寺島保育園,公開中,https://www.hamamatsu-pippi.net/tsunagaru/h_hoikuen/2014021911687/,https://www.hamamatsu-pippi.net/_admin/child/c1/32/facilities/1024,2015/3/31 14:08,2014/2/19 21:05,中区,駅南,ひろば,親子ひろば,加えない,寺島町285-5,"34.699875,137.7419",053-456-3248,,,,,,第1・3水（園行事により変更あり）,10：00～11：00,月～土 10：00～15：00,8台
1025,2.01402E+12,天使園子どもの家,公開中,https://www.hamamatsu-pippi.net/tsunagaru/h_hoikuen/2014021911694/,https://www.hamamatsu-pippi.net/_admin/child/c1/32/facilities/1025,2015/3/31 14:08,2014/2/19 21:05,中区,県居,ひろば,親子ひろば,加えない,成子町23-1,"34.70163,137.726151",053-452-0203,,,,,https://tenshien.jp/,土,9：30～11：30,土,10台
1026,2.01402E+12,佐鳴台保育園,公開中,https://www.hamamatsu-pippi.net/tsunagaru/h_hoikuen/2014021911700/,https://www.hamamatsu-pippi.net/_admin/child/c1/32/facilities/1026,2015/3/31 14:08,2014/2/19 21:05,中区,佐鳴台,ひろば,親子ひろば,加えない,佐鳴台三丁目30-1,"34.706879,137.696967",053-449-0744,,,,,,第3水曜日（園行事により変更あり）,10：00～11：00,月～土 10：00～15：00,6台
1027,2.01402E+12,権現谷保育園,公開中,https://www.hamamatsu-pippi.net/tsunagaru/h_hoikuen/2014021911717/,https://www.hamamatsu-pippi.net/_admin/child/c1/32/facilities/1027,2015/3/31 14:08,2014/2/19 21:05,中区,富塚,ひろば,親子ひろば,加えない,富塚町1480-1,"34.731046,137.708673",053-474-2765,,,,,,月１回第3水曜日（園の都合により変更あり）,10：00～10：40,月～土 10：00～15：00,5台
1028,2.01402E+12,小豆餅ゆすらうめこども園,公開中,https://www.hamamatsu-pippi.net/tsunagaru/h_hoikuen/2014021911724/,https://www.hamamatsu-pippi.net/_admin/child/c1/32/facilities/1028,2019/3/30 11:26,2014/2/19 21:05,中区,萩丘,ひろば,親子ひろば,加えない,小豆餅四丁目18-2,"34.754472,137.730268",053-414-0001,,,,,http://www.sumiyoshihoikuen.com/,水,10：30～11：30,水　9：30～12：00,10台
1029,2.01402E+12,上池さくらこども園,公開中,https://www.hamamatsu-pippi.net/tsunagaru/h_hoikuen/2014021911731/,https://www.hamamatsu-pippi.net/_admin/child/c1/32/facilities/1029,2019/3/30 11:25,2014/2/19 21:05,中区,萩丘,ひろば,親子ひろば,加えない,城北二丁目25-43,"34.724227,137.723491",053-474-1125,,,,,http://www.sumiyoshihoikuen.com/,火,10：00～12：00,火　10：00～12：00,11台
1030,2.01402E+12,たかい丘こども園,公開中,https://www.hamamatsu-pippi.net/tsunagaru/h_hoikuen/2014021911748/,https://www.hamamatsu-pippi.net/_admin/child/c1/32/facilities/1030,2021/4/19 13:32,2014/2/19 21:05,中区,萩丘,ひろば,親子ひろば,加えない,高丘北二丁目25-21,"34.76205,137.704467",053-437-6530,,,,,http://taka-ho.jp/,木（多目的ホールにて）,10：00～12：00,木,
1031,2.01402E+12,葵ヶ丘保育園,公開中,https://www.hamamatsu-pippi.net/tsunagaru/h_hoikuen/2014021911755/,https://www.hamamatsu-pippi.net/_admin/child/c1/32/facilities/1031,2015/3/31 14:08,2014/2/19 21:05,中区,萩丘,ひろば,親子ひろば,加えない,高丘東三丁目54-18,"34.763492,137.717063",053-437-7952,,,,,https://aoigaokahoiku.com,月2回不定期,10：00～11：30,月・水・金 13：00～15：00（お部屋・園庭の開放）,25台
1032,2.01402E+12,れんげこども園,公開中,https://www.hamamatsu-pippi.net/tsunagaru/h_hoikuen/2014021911762/,https://www.hamamatsu-pippi.net/_admin/child/c1/32/facilities/1032,2018/4/2 16:31,2014/2/19 21:05,中区,萩丘,ひろば,親子ひろば,加えない,和合北一丁目2-37,"34.736504,137.722297",053-482-8241,,,,,http://konohana-renge.org,水,9：45～11：30,毎週月9：30～11：30,20台
1033,2.01402E+12,こばと保育園,公開中,https://www.hamamatsu-pippi.net/tsunagaru/h_hoikuen/2014021911779/,https://www.hamamatsu-pippi.net/_admin/child/c1/32/facilities/1033,2015/3/31 14:08,2014/2/19 21:05,中区,曳馬,ひろば,親子ひろば,加えない,高林四丁目14-13,"34.730169,137.732397",053-471-0739,,,,,http://www.kobatokai-kobatohoikuen.jp/,木（月一回のみ）・金・土（原則）,10：00～11：30,,16台
1034,2.01402E+12,ひくまこども園,公開中,https://www.hamamatsu-pippi.net/tsunagaru/h_hoikuen/2014021911786/,https://www.hamamatsu-pippi.net/_admin/child/c1/32/facilities/1034,2016/4/7 14:49,2014/2/19 21:05,中区,曳馬,ひろば,親子ひろば,加えない,曳馬四丁目8-12,"34.729204,137.744762",053-464-4069,,,,,https://www.syoju-kai.com/,火・水・木,9：30～11：30,火・水・木,20台
1035,2.01402E+12,なかよし第2こども園,公開中,https://www.hamamatsu-pippi.net/tsunagaru/h_hoikuen/2014021911793/,https://www.hamamatsu-pippi.net/_admin/child/c1/32/facilities/1035,2017/4/14 9:21,2014/2/19 21:05,中区,江東,ひろば,親子ひろば,加えない,領家三丁目23-13,"34.693765,137.754669",053-463-8211,,,,,http://www.meisei.or.jp/nakayoshi2/index.html,火・木,9：30～11：30,9：30～11：30,25台
1036,2.01402E+12,南保育園,公開中,https://www.hamamatsu-pippi.net/tsunagaru/h_hoikuen/2014021911809/,https://www.hamamatsu-pippi.net/_admin/child/c1/32/facilities/1036,2015/3/31 14:08,2014/2/19 21:05,中区,江西,ひろば,親子ひろば,加えない,浅田町73-39,"34.695817,137.735751",053-452-1413,,,,,,毎月1回木,10：00～11：30,月～土10：00～15：00,8台
1037,2.01402E+12,江西保育園,公開中,https://www.hamamatsu-pippi.net/tsunagaru/h_hoikuen/2014021911816/,https://www.hamamatsu-pippi.net/_admin/child/c1/32/facilities/1037,2015/3/31 14:08,2014/2/19 21:05,中区,江西,ひろば,親子ひろば,加えない,神田町176,"34.686865,137.725282",053-441-8121,,,,,,月１回不定期　水,10：00～11：30,月～金 10：00～14：00、土 9：30～14：00,4台
1038,2.01402E+12,ヘリオスプレスクール,公開中,https://www.hamamatsu-pippi.net/tsunagaru/h_hoikuen/2014021911823/,https://www.hamamatsu-pippi.net/_admin/child/c1/32/facilities/1038,2015/3/31 14:08,2014/2/19 21:05,中区,江西,ひろば,親子ひろば,加えない,法枝町124,"34.685954,137.728207",053-442-9198,,,,,http://jidoufukusien.or.jp/,不定期,10：00～11：30,,10台
1039,2.01402E+12,花川保育園,公開中,https://www.hamamatsu-pippi.net/tsunagaru/h_hoikuen/2014021911830/,https://www.hamamatsu-pippi.net/_admin/child/c1/32/facilities/1039,2021/3/17 13:54,2014/2/19 21:05,中区,萩丘,ひろば,親子ひろば,加えない,西丘町1000,"34.777015,137.699115",053-436-1205,,,,,,月１回不定期,10：00～11：00,月～金 9：30～11：30、土 終日,8台
1040,2.01402E+12,遊歩の丘にしおかこども園,公開中,https://www.hamamatsu-pippi.net/tsunagaru/h_hoikuen/2014021911847/,https://www.hamamatsu-pippi.net/_admin/child/c1/32/facilities/1040,2021/3/17 13:53,2014/2/19 21:05,中区,萩丘,ひろば,親子ひろば,加えない,西丘町296,"34.767327,137.69163",053-420-1818,,,,,http://ufo.or.jp/,水,9：30～11：00,月～金 9：30～16：00,20台
1041,2.01402E+12,積志保育園,公開中,https://www.hamamatsu-pippi.net/tsunagaru/h_hoikuen/2014021911854/,https://www.hamamatsu-pippi.net/_admin/child/c1/32/facilities/1041,2015/3/31 14:08,2014/2/19 21:05,東区,積志,ひろば,親子ひろば,加えない,有玉北町1264,"34.764088,137.761001",053-434-0138,,,,,,毎月1回　水（園都合により変更の場合あり）,9：30～11：00,月～土 9：30～11：00,15台
1042,2.01402E+12,聖隷こども園ひかりの子,公開中,https://www.hamamatsu-pippi.net/tsunagaru/h_hoikuen/2014021911861/,https://www.hamamatsu-pippi.net/_admin/child/c1/32/facilities/1042,2015/3/31 14:08,2014/2/19 21:05,東区,長上,ひろば,親子ひろば,加えない,天王町1896,"34.741004,137.767386",053-421-6822,,,,,http://www.seirei.or.jp/nurseryschool/hikarinoko/,水,10：00～12：00,月～土 10：00～12：00,25台
1043,2.01402E+12,市野与進こども園,公開中,https://www.hamamatsu-pippi.net/tsunagaru/h_hoikuen/2014021911878/,https://www.hamamatsu-pippi.net/_admin/child/c1/32/facilities/1043,2016/4/2 15:46,2014/2/19 21:05,東区,長上,ひろば,親子ひろば,加えない,市野町2636,"34.747754,137.767174",053-423-3535,,,,,http://www.shokeikai.or.jp/ichino/,水、土,水10：00～12：00、土 10：00～15：00,水10：00～12：00、土 10：00～15：00,22台
1045,2.01402E+12,笠井保育園,公開中,https://www.hamamatsu-pippi.net/tsunagaru/h_hoikuen/2014021911892/,https://www.hamamatsu-pippi.net/_admin/child/c1/32/facilities/1045,2015/3/31 14:08,2014/2/19 21:05,東区,笠井,ひろば,親子ひろば,加えない,笠井町1284,"34.763539,137.783152",053-434-1636,,,,,,第3水（月によって変わることがあります）,9：30～11：00,月～土 9：30～11：00,10台
1046,2.01402E+12,中ノ町保育園,公開中,https://www.hamamatsu-pippi.net/tsunagaru/h_hoikuen/2014021911908/,https://www.hamamatsu-pippi.net/_admin/child/c1/32/facilities/1046,2015/3/31 14:08,2014/2/19 21:05,東区,中ノ町,ひろば,親子ひろば,加えない,中野町2598-2,"34.731813,137.800799",053-421-0327,,,,,,月１回不定期,9：30～11：00,月～土 9：30～12：30,20台
1047,2.01402E+12,浜っ子こども園,公開中,https://www.hamamatsu-pippi.net/tsunagaru/h_hoikuen/2014021911915/,https://www.hamamatsu-pippi.net/_admin/child/c1/32/facilities/1047,2019/3/30 11:27,2014/2/19 21:05,東区,中ノ町,ひろば,親子ひろば,加えない,松小池町340,"34.734176,137.791692",053-421-6800,,,,,http://www.asobigakuen.jp/publics/index/17/,火（行事により変更あり）,9：45～11：00,月～土 10：00～16：00,15台
1048,2.01402E+12,ルミーナプレスクール,公開中,https://www.hamamatsu-pippi.net/tsunagaru/h_hoikuen/2014021911922/,https://www.hamamatsu-pippi.net/_admin/child/c1/32/facilities/1048,2015/3/31 14:08,2014/2/19 21:05,東区,和田,ひろば,親子ひろば,加えない,和田町315,"34.715413,137.77322",053-463-1278,,,,,http://jidoufukusien.or.jp/,不定期,9：30～11：30,,5台
1049,2.01402E+12,浜松東こども園,公開中,https://www.hamamatsu-pippi.net/tsunagaru/h_hoikuen/2014021911939/,https://www.hamamatsu-pippi.net/_admin/child/c1/32/facilities/1049,2020/4/4 11:08,2014/2/19 21:05,東区,和田,ひろば,親子ひろば,加えない,篠ケ瀬町580-3,"34.727926,137.777895",053-421-5590,,,,,http://www.higashihoikuen.jp,水または木,10：00～11：00,木・土 9：30～16：00,40台
1050,2.01402E+12,蒲こども園,公開中,https://www.hamamatsu-pippi.net/tsunagaru/h_hoikuen/2014021911946/,https://www.hamamatsu-pippi.net/_admin/child/c1/32/facilities/1050,2018/4/2 16:32,2014/2/19 21:05,東区,蒲,ひろば,親子ひろば,加えない,大蒲町95-2,"34.715085,137.766542",053-463-1540,,,,,http://www.kabakodomoen.ednet.jp/,木,9：30～11：00,月～金 9：00～11：00,10台
1052,2.01402E+12,志都呂保育園,公開中,https://www.hamamatsu-pippi.net/tsunagaru/h_hoikuen/2014021911960/,https://www.hamamatsu-pippi.net/_admin/child/c1/32/facilities/1052,2015/3/31 14:08,2014/2/19 21:05,西区,入野,ひろば,親子ひろば,加えない,志都呂一丁目3-7,"34.699638,137.664373",053-448-1910,,,,,,木,10：00～12：00,,30台
1448,2.01803E+12,たんぽぽ保育園,公開中,https://www.hamamatsu-pippi.net/tsunagaru/h_hoikuen/2018032000088/,https://www.hamamatsu-pippi.net/_admin/child/c1/32/facilities/1448,2021/2/6 16:41,2018/3/20 16:33,北区,三方原,ひろば,親子ひろば,加えない, 初生町33-1,"34.766406,137.726478",053-488-8700,,,,,http://www.tanpopohoiku.com/,火・木,9：00～12：00,火・木,20台
1054,2.01402E+12,雄踏ちゅうりっぷこども園,公開中,https://www.hamamatsu-pippi.net/tsunagaru/h_hoikuen/2014021911984/,https://www.hamamatsu-pippi.net/_admin/child/c1/32/facilities/1054,2020/4/4 11:06,2014/2/19 21:05,西区,雄踏,ひろば,親子ひろば,加えない,雄踏町宇布見7430-8,"34.704722,137.631432",053-596-9900,,,,,http://hanazonokai.jimdo.com/,水,10：00～11：30,11：00～11：30,10台
1055,2.01402E+12,舘山寺保育園,公開中,https://www.hamamatsu-pippi.net/tsunagaru/h_hoikuen/2014021911991/,https://www.hamamatsu-pippi.net/_admin/child/c1/32/facilities/1055,2015/3/31 14:08,2014/2/19 21:05,西区,庄内,ひろば,親子ひろば,加えない,舘山寺町2418-1,"34.760836,137.614424",053-487-1611,,,,,http://www.syoueikai.jp/hoikuen/index.php,水（月2回）,9：30～11：30, 月～金 13：00～17：00,10台
1057,2.01402E+12,瞳ヶ丘こども園,公開中,https://www.hamamatsu-pippi.net/tsunagaru/h_hoikuen/2014021912011/,https://www.hamamatsu-pippi.net/_admin/child/c1/32/facilities/1057,2017/4/1 16:36,2014/2/19 21:05,西区,伊佐見,ひろば,親子ひろば,加えない,大人見町12-654,"34.733866,137.647713",053-485-5003,,,,,http://www.hitomigaoka.jp/,水,10：00～12：00,,45台
1058,2.01402E+12,神田原保育園,公開中,https://www.hamamatsu-pippi.net/tsunagaru/h_hoikuen/2014021912028/,https://www.hamamatsu-pippi.net/_admin/child/c1/32/facilities/1058,2015/3/31 14:08,2014/2/19 21:05,西区,神久呂,ひろば,親子ひろば,加えない,西山町2150-2,"34.739686,137.683295",053-485-8550,,,,,,月１回不定期,10：00～11：00,月～土 9：30～15：00,4台
1059,2.01402E+12,生命の樹保育園,公開中,https://www.hamamatsu-pippi.net/tsunagaru/h_hoikuen/2014021912035/,https://www.hamamatsu-pippi.net/_admin/child/c1/32/facilities/1059,2015/3/31 14:08,2014/2/19 21:05,西区,神久呂,ひろば,親子ひろば,加えない,神ケ谷町8291-4,"34.730051　,137.683426",053-485-0524,,,,,,0歳児・1～2歳児のクラス 各月1回水（場所：神久呂協働センター）,10：00～11：30,"火 9：45～10：30（月2回）
ひろば終了後 11：30～12：30",
1060,2.01402E+12,雄踏保育園,公開中,https://www.hamamatsu-pippi.net/tsunagaru/h_hoikuen/2014021912042/,https://www.hamamatsu-pippi.net/_admin/child/c1/32/facilities/1060,2015/3/31 14:08,2014/2/19 21:05,西区,雄踏,ひろば,親子ひろば,加えない,雄踏町宇布見5461,"34.702486,137.636785",053-592-0502,,,,,,毎月第3木,9：30～11：00,月～土 9：30～15：00 ,5台
1061,2.01402E+12,舞阪第1保育園,公開中,https://www.hamamatsu-pippi.net/tsunagaru/h_hoikuen/2014021912059/,https://www.hamamatsu-pippi.net/_admin/child/c1/32/facilities/1061,2019/4/1 10:37,2014/2/19 21:05,西区,舞阪,ひろば,親子ひろば,加えない,舞阪町弁天島3885,"34.692899,137.604",053-592-0004,,,,,,毎月第3木（都合により変更あり）,10：00～10：45,月～土 10：00～15：00,1～2台駐車可能
1062,2.01402E+12,舞阪第2保育園,公開中,https://www.hamamatsu-pippi.net/tsunagaru/h_hoikuen/2014021912066/,https://www.hamamatsu-pippi.net/_admin/child/c1/32/facilities/1062,2019/4/1 10:37,2014/2/19 21:05,西区,舞阪,ひろば,親子ひろば,加えない,舞阪町舞阪2659-3,"34.683223,137.613668",053-592-3552,,,,,,第2水（園都合により変更の場合あり）,10：00～11：00,月～土 10：00～15：00,無し
1063,2.01402E+12,順愛こども園,公開中,https://www.hamamatsu-pippi.net/tsunagaru/h_hoikuen/2014021912073/,https://www.hamamatsu-pippi.net/_admin/child/c1/32/facilities/1063,2017/4/1 16:36,2014/2/19 21:05,西区,舞阪,ひろば,親子ひろば,加えない,舞阪町舞阪5372,"34.68442,137.609199",053-592-7733,,,,,http://junai.jp/,火・木,10：00～11：00,月～金10：00～16：00,25台
1064,2.01402E+12,太陽第二こども園,公開中,https://www.hamamatsu-pippi.net/tsunagaru/h_hoikuen/2014021912080/,https://www.hamamatsu-pippi.net/_admin/child/c1/32/facilities/1064,2015/3/31 14:08,2014/2/19 21:05,南区,白脇,ひろば,親子ひろば,加えない,白羽町1231,"34.675365,137.735429",053-441-0006,,,,,http://www.shafuku-wakabakai.or.jp/publics/index/58/,水,10：00～11：30,11：00～11：30,22台
1065,2.01402E+12,はぁもにぃこども園,公開中,https://www.hamamatsu-pippi.net/tsunagaru/h_hoikuen/2014021912097/,https://www.hamamatsu-pippi.net/_admin/child/c1/32/facilities/1065,2017/4/1 16:38,2014/2/19 21:05,南区,飯田,ひろば,親子ひろば,加えない,三和町782,"34.701054,137.772778",053-464-8770,,,,,http://harmony-kodomoen.jp/,水,9：30～11：00,,15台
1066,2.01402E+12,ハローこども園,公開中,https://www.hamamatsu-pippi.net/tsunagaru/h_hoikuen/2014021912103/,https://www.hamamatsu-pippi.net/_admin/child/c1/32/facilities/1066,2017/4/1 16:37,2014/2/19 21:05,南区,芳川,ひろば,親子ひろば,加えない,下江町522,"34.680654,137.773225",053-425-5586,,,,,http://www4.tokai.or.jp/aikoukai-haro/,水,9：30～11：15, 月～土 9：00～12：00,35台
1067,2.01402E+12,ずだじこども園,公開中,https://www.hamamatsu-pippi.net/tsunagaru/h_hoikuen/2014021912110/,https://www.hamamatsu-pippi.net/_admin/child/c1/32/facilities/1067,2015/3/31 14:08,2014/2/19 21:05,南区,芳川,ひろば,親子ひろば,加えない,恩地町291,"34.686769,137.761943",053-427-2332,,,,,https://zudaji.jp/,毎週火（2歳児対象）、水曜・木曜（未就園児と妊婦対象）,9：30～11：30,火・水・木　9:30～11:30,20台
1068,2.01402E+12,エオスプレスクール,公開中,https://www.hamamatsu-pippi.net/tsunagaru/h_hoikuen/2014021912127/,https://www.hamamatsu-pippi.net/_admin/child/c1/32/facilities/1068,2015/3/31 14:08,2014/2/19 21:05,南区,五島,ひろば,親子ひろば,加えない,遠州浜四丁目1-2,"34.655552,137.776075",053-425-7435,,,,,http://jidoufukusien.or.jp/,木曜日,10：00～11：30,9：30～16：00,8台
1069,2.01402E+12,可美保育園,公開中,https://www.hamamatsu-pippi.net/tsunagaru/h_hoikuen/2014021912134/,https://www.hamamatsu-pippi.net/_admin/child/c1/32/facilities/1069,2015/3/31 14:08,2014/2/19 21:05,南区,可美,ひろば,親子ひろば,加えない,若林町70-1,"34.686301,137.701473",053-447-0713,,,,,,月1回不定期,10:00～11:30,月～土 10:00～11:30,12台
1070,2.01402E+12,たかつか光こども園,公開中,https://www.hamamatsu-pippi.net/tsunagaru/h_hoikuen/2014021912141/,https://www.hamamatsu-pippi.net/_admin/child/c1/32/facilities/1070,2017/4/1 16:37,2014/2/19 21:05,南区,可美,ひろば,親子ひろば,加えない,高塚町2312-16,"34.686373,137.68378",053-449-8000,,,,,http://www.irinokodomoen.or.jp/,火・金,10:00～11:45,,16台
1071,2.01402E+12,みどりのもり都田,公開中,https://www.hamamatsu-pippi.net/tsunagaru/h_hoikuen/2014021912158/,https://www.hamamatsu-pippi.net/_admin/child/c1/32/facilities/1071,2018/4/2 16:33,2014/2/19 21:05,北区,都田,ひろば,親子ひろば,加えない,都田町6497-1,"34.82447,137.7152",053-428-3208,,,,,https://midorinomori-mykd.or.jp/,月～金,9：30～11：00,月～金 9：30～11：00,10台
1072,2.01402E+12,聖隷こども園桜ヶ丘,公開中,https://www.hamamatsu-pippi.net/tsunagaru/h_hoikuen/2014021912165/,https://www.hamamatsu-pippi.net/_admin/child/c1/32/facilities/1072,2015/3/31 14:08,2014/2/19 21:05,北区,都田,ひろば,親子ひろば,加えない,都田町8749-3,"34.811192,137.737085",053-428-2494,,,,,http://www.seirei.or.jp/nurseryschool/sakuragaoka/,不定期,9:30～11:30,"月～金 9：30～11：30
（保育室利用は、月～金 10：00～11：00)",10～15台可
1073,2.01402E+12,三方原保育園,公開中,https://www.hamamatsu-pippi.net/tsunagaru/h_hoikuen/2014021912172/,https://www.hamamatsu-pippi.net/_admin/child/c1/32/facilities/1073,2015/3/31 14:08,2014/2/19 21:05,北区,三方原,ひろば,親子ひろば,加えない,東三方町21-1,"34.77553,137.726295",053-436-1208,,,,,,不定期　月1回,10：00～11：00,月～土 9：30～16：30,13台
1074,2.01402E+12,クリストファーこども園,公開中,https://www.hamamatsu-pippi.net/tsunagaru/h_hoikuen/2014021912189/,https://www.hamamatsu-pippi.net/_admin/child/c1/32/facilities/1074,2015/3/31 14:08,2014/2/19 21:05,北区,三方原,ひろば,親子ひろば,加えない,三方原町2762,"34.787032,137.694495",053-430-1700,,,,,http://www.seirei.ac.jp/kodomoen/,不定期 ※ホームページのカレンダーをご覧ください,10：00～12：00,"不定期
※ホームページをご覧ください",15台
1075,2.01402E+12,初生保育園,公開中,https://www.hamamatsu-pippi.net/tsunagaru/h_hoikuen/2014021912196/,https://www.hamamatsu-pippi.net/_admin/child/c1/32/facilities/1075,2015/3/31 14:08,2014/2/19 21:05,北区,三方原,ひろば,親子ひろば,加えない,東三方町185-2,"34.777349,137.7339",053-436-7102,,,,,,火・水,10：00～12：00,,23台
1076,2.01402E+12,ひまわり保育園,公開中,https://www.hamamatsu-pippi.net/tsunagaru/h_hoikuen/2014021912202/,https://www.hamamatsu-pippi.net/_admin/child/c1/32/facilities/1076,2015/3/31 14:08,2014/2/19 21:05,北区,三方原,ひろば,親子ひろば,加えない,豊岡町317-2,"34.790989,137.733999",053-420-2700,,,,,http://himawarihoikuen.kiraweb.com/,水,10：00～12：00,,12台
1078,2.01402E+12,細江保育園,公開中,https://www.hamamatsu-pippi.net/tsunagaru/h_hoikuen/2014021912226/,https://www.hamamatsu-pippi.net/_admin/child/c1/32/facilities/1078,2015/3/31 14:08,2014/2/19 21:05,北区,細江,ひろば,親子ひろば,加えない,細江町気賀431,"34.807482,137.652137",053-522-0596,,,,,http://www.hosoehoikuen.ed.jp/,火,9：00～11：00 ,"水・金　9：00～11：00
土午後、日・祝の終日もご利用ください。",10台
1079,2.01402E+12,引佐保育園,公開中,https://www.hamamatsu-pippi.net/tsunagaru/h_hoikuen/2014021912233/,https://www.hamamatsu-pippi.net/_admin/child/c1/32/facilities/1079,2015/3/31 14:08,2014/2/19 21:05,北区,引佐,ひろば,親子ひろば,加えない,引佐町井伊谷717,"34.832412,137.67079",053-542-0268,,,,,,第3水,10:00～11:00,月～土10：30～13：30,10台
1080,2.01402E+12,三ヶ日保育園,公開中,https://www.hamamatsu-pippi.net/tsunagaru/h_hoikuen/2014021912240/,https://www.hamamatsu-pippi.net/_admin/child/c1/32/facilities/1080,2015/3/31 14:08,2014/2/19 21:05,北区,三ヶ日,ひろば,親子ひろば,加えない,三ヶ日町三ヶ日811-5,"34.806012,137.550716",053-525-0955,,,,,,不定期　月1回,10：00～11：00,月～土 9：30～14：30,12台
1081,2.01402E+12,都筑保育園,公開中,https://www.hamamatsu-pippi.net/tsunagaru/h_hoikuen/2014021912257/,https://www.hamamatsu-pippi.net/_admin/child/c1/32/facilities/1081,2015/3/31 14:08,2014/2/19 21:05,北区,三ヶ日,ひろば,親子ひろば,加えない,三ヶ日町都筑1789-6,"34.79563,137.574704",053-526-7751,,,,,,月～土,9：30～16：00,月～土 9：30～16：00,10台
1082,2.01402E+12,子育てセンターこまつ,公開中,https://www.hamamatsu-pippi.net/tsunagaru/h_hoikuen/2014021912264/,https://www.hamamatsu-pippi.net/_admin/child/c1/32/facilities/1082,2017/4/1 16:38,2014/2/19 21:05,浜北区,浜名,ひろば,親子ひろば,加えない,小松3221,"34.782695,137.770788",053-584-0170,,,,,http://www.tenryu-kohseikai.or.jp/children/index.html,月～土,9：00～16：00,土は園庭開放のみ,20台
1083,2.01402E+12,認定こども園きじの里,公開中,https://www.hamamatsu-pippi.net/tsunagaru/h_hoikuen/2014021912271/,https://www.hamamatsu-pippi.net/_admin/child/c1/32/facilities/1083,2015/3/31 14:08,2014/2/19 21:05,浜北区,浜名,ひろば,親子ひろば,加えない,染地台五丁目4-3,"34.791798,137.75057",053-585-3375,,,,,http://www.kijinosato-23.jp/kodomoen.html,水,9：30～11：30,,12台
1084,2.01402E+12,子育てセンターきぶね,公開中,https://www.hamamatsu-pippi.net/tsunagaru/h_hoikuen/2014021912288/,https://www.hamamatsu-pippi.net/_admin/child/c1/32/facilities/1084,2020/10/22 9:44,2014/2/19 21:05,浜北区,北浜,ひろば,親子ひろば,加えない,貴布祢2668,"34.800452,137.7828",053-584-0172,,,,,http://www.tenryu-kohseikai.or.jp/children/index.html,月～金,9：30～15：00,9：30～15：00,20台
1087,2.01402E+12,子育てセンターすぎのこ,公開中,https://www.hamamatsu-pippi.net/tsunagaru/h_hoikuen/2014021912318/,https://www.hamamatsu-pippi.net/_admin/child/c1/32/facilities/1087,2017/4/1 16:40,2014/2/19 21:05,天竜区,天竜,ひろば,親子ひろば,加えない,大谷111-1,"34.872377,137.816742",053-922-0170,,,,,http://www.tenryu-kohseikai.or.jp/children/index.html,月～金,10：00～15：00,,16台
1232,2.01404E+12,まるづかこども園,公開中,https://www.hamamatsu-pippi.net/tsunagaru/h_hoikuen/2014041800084/,https://www.hamamatsu-pippi.net/_admin/child/c1/32/facilities/1232,2017/4/1 16:35,2014/4/18 13:59,東区,蒲,ひろば,親子ひろば,加えない,丸塚町287-1,"34.727761,137.760323",053-465-2525,,,,,http://zuiun.or.jp/maruduka/,月～金,9：30～11：30,月～金　9：30～11：30,6台
1233,2.01404E+12,大平台わかくさ保育園,公開中,https://www.hamamatsu-pippi.net/tsunagaru/h_hoikuen/2014041800091/,https://www.hamamatsu-pippi.net/_admin/child/c1/32/facilities/1233,2015/3/31 14:08,2014/4/18 14:27,西区,神久呂,ひろば,親子ひろば,加えない,神ケ谷町2042,"34.71395　,137.676105",053-485-9000,,,,,http://wakakusakai.net/ohiradaiwakakusa/,水,13：00～14：00（月1回～14：30）,水,10台
1234,2.01404E+12," 	わかくさ保育園",公開中,https://www.hamamatsu-pippi.net/tsunagaru/h_hoikuen/2014041800107/,https://www.hamamatsu-pippi.net/_admin/child/c1/32/facilities/1234,2015/3/31 14:08,2014/4/18 14:29,西区,入野,ひろば,親子ひろば,加えない,入野町920-1,"34.697708,137.69526",053-449-6666,,,,,,木,10：00～11：30,木,20台
1254,2.01503E+12,湖東白ゆりこども園,公開中,https://www.hamamatsu-pippi.net/tsunagaru/h_hoikuen/2015030600036/,https://www.hamamatsu-pippi.net/_admin/child/c1/32/facilities/1254,2021/4/19 13:33,2015/3/6 9:43,西区,和地,ひろば,親子ひろば,加えない,湖東町5826-1,"34.761252,137.685138",053-486-5301,,,,,http://www.syoueikai.jp/shirayuri/index.php,第2・4水,10：00～11：30,月～金　13：00～16：00,20台（駐車場の場所はお問い合わせください）
1255,2.01503E+12,くすのき保育園,公開中,https://www.hamamatsu-pippi.net/tsunagaru/h_hoikuen/2015030600043/,https://www.hamamatsu-pippi.net/_admin/child/c1/32/facilities/1255,2015/3/31 14:08,2015/3/6 9:44,浜北区,北浜,ひろば,親子ひろば,加えない,高畑897,"34.797281,137.79893",053-589-3340,,,,,http://minnano-mori.sakura.ne.jp/,火,9：30～11：00,火,20台