施設名称,カナ,郵便番号,区,地区,所在地,緯度,経度,電話,URL,開園時間,休園日,駐車場,NO,市区町村コード,施設概要,おすすめ１タイトル,おすすめ１説明,おすすめ1 ターゲット[赤ちゃん],おすすめ1 ターゲット[幼児],おすすめ1 ターゲット[小学生],おすすめ２タイトル,おすすめ２説明,おすすめ2 ターゲット[赤ちゃん],おすすめ2 ターゲット[幼児],おすすめ2 ターゲット[小学生],おすすめ３タイトル,おすすめ３説明,おすすめ3 ターゲット[赤ちゃん],おすすめ3 ターゲット[幼児],おすすめ3 ターゲット[小学生],子連れに便利な設備[多目的トイレ],子連れに便利な設備[オムツ交換台],子連れに便利な設備[休憩所],子連れに便利な設備[あずまや],子連れに便利な設備[授乳室],子連れに便利な設備[ベビーカー貸出],子連れに便利な設備[自販機・売店],子連れに便利な設備[レストラン],子連れ便利度補足,遊具,利用状況,近隣の様子,画像,おすすめ１画像,おすすめ２画像,おすすめ３画像,スナップ1 画像,スナップ2 画像,スナップ3 画像,スナップ4 画像,スナップ5 画像,スナップ6 画像,調査日：,取材：,joruri_id,joruri_url
船越公園,フナコシコウエン,4300913,中区,アクト,浜松市中区船越町49-3,34.7191,137.7491,053-465-0623,http://www.hamamatsu-park.jp/funakoshi/,"管理棟：午前9時～午後5時
プール：午前9時30分～正午、午後1時～午後4時",年末年始（12月29日～1月3日）,30台,11,,馬込川沿いに位置し、古くから市民に愛されている公園。春はお花見、夏は児童プールや花火大会、秋はどんぐり拾いと季節ごとに楽しめます。大きな砂場の中にある新幹線型の遊具は公園のシンボル的存在。週末には多くの家族連れでにぎわっています。,広い砂場と新幹線の遊具,キレイに管理された広い砂場の中に新幹線型の遊具があります。中に入って運転士気分になったり、上に登って遊んだりでき、子どもたちの探究心を刺激します。また、管理棟で砂場セットの貸出（無料）があります。,1,1,1,カラフルな複合遊具,カラフルな複合遊具。ジャングルジムの上からすべり降りる、幅の広い滑り台が、ちょっとスリルがあっておすすめです。お友達と手をつないですべっても楽しそう。,,1,1,散策路でゆっくりお散歩,公園の周りを囲む散策路。ちょっと木陰になっていたり、可愛いお花が見つけられたりします。秋にはどんぐり拾いもできますよ。ゆっくりお散歩して、自然に触れてみてはいかがですか？,1,1,1,1,1,1,,,,1,,"◎施設
児童プール、野球場（有料）
◎広場
土の広場、芝生広場（ボールあそび可、スポーツ可）
※ボール遊びなどをするときは、ルール・マナーを守って遊びましょう。
◎トイレ
多目的トイレ あり（1か所）、オムツ替えシート あり（1か所）
◎休憩所
ベンチ あり、飲み水 あり、自動販売機 あり（飲料・アイス）",複合遊具、ブランコ、シーソー、鉄棒、カラフルな飛び石、砂場（貸出あり）,"浜松市中心部から近く車のアクセスが良いため、ママ友達の集合場所として使われています。砂場は管理人さんが毎日掃除をしていて、きれいに保たれているので安心して利用できます。夏休み期間中は無料の児童プールが開放され、多くの子どもたちが利用しています。
週末に小・中学生の野球の試合がある日は、駐車場がとても混雑しますが、臨時で公園内に駐車スペースが作られるので、車で行っても安心です。
5～6月の間、散策路に生えているメリケントキソウは、裸足で歩くと痛いので気をつけましょう。","近くにファーストフード店があります。
春には、馬込川沿いにソメイヨシノがとてもキレイに咲き誇ります。多くの花見客が集まりとてもにぎやかです。",top_hunakoshi.jpg,osusume_hunakoshi1.jpg,osusume_hunakoshi2.jpg,osusume_hunakoshi3.jpg,snap_hunakoshi1.jpg,snap_hunakoshi2.jpg,snap_hunakoshi3.jpg,snap_hunakosi4.jpg,snap_hunakoshi5.jpg,snap_hunakosi6.jpg,2015年8月,でこ,1285,https://www.hamamatsu-pippi.net/tsunagaru/koen/2015091400149/
浜松城公園,ハママツジョウコウエン,4300946,中区,中央,浜松市中区元城町100-2,34.7133,137.7244,053-457-0088,https://www.entetsuassist-dms.com/hamamatsu-jyo/,年末年始（12/29～12/31）,"プール：午前9時30分～正午、午後1時～午後4時（夏期のみ）
浜松城：午前8時30分～午後4時30分",259台（身障者用6台、思いやり6台含む）,90,,浜松市の中心市街地にありながら、自然あふれる森に囲まれた公園です。春は桜、夏は児童プール、秋はどんぐり拾いや紅葉など、季節ごとの楽しみがあります。また、芝生広場、アスレチック遊具のある冒険広場では、体をたくさん動かして遊べます。浜松城天守閣、日本庭園など歴史を感じながらの散策もおすすめです。,なんといっても、浜松城,"浜松城は、徳川家康が築いた「出世城」といわれるお城です（天守閣内にベビーカーは入れません）。石垣にハート形の石を見つけたら、素敵なことがあるかも！？ 元旦には、初日の出を見るスポットとしても有名です。
また、毎週日曜日、浜松市のゆるキャラ「家康くん」が園内を散歩しています。午前11時と午後1時に登場するそうなので、会いに行ってみてはいかがですか？",1,1,1,冒険広場のアスレチック遊具,冒険広場には、登ったり降りたり、くぐったり、渡ったり、難易度さまざまな9種類の木製アスレチック遊具があります。主に小学生以上の子どもたちが遊んでいます。幼児が遊ぶときは、保護者が一緒に付き添えば安心です。チャレンジ精神も身につく楽しい遊具です。,,1,1,リスに出会えるよ！,"街中の喧騒を離れた自然があふれる森では、野生のタイワンリスに出会えます（絶対にさわらないで下さいね）。日本庭園にある池ではカモの親子が泳ぐ様子、カメがこうら干しをする姿、金色の鯉なども見られます。
散策路にはきれいな花が咲き楽しい発見がたくさんあります。階段だけでなく、坂道（スロープ）もあるのでベビーカーの赤ちゃんにも安心です。",1,1,1,1,1,1,1,,,1,,"◎施設
児童プール、浜松城天守閣（有料）
◎広場
芝生広場、土の広場（ボールあそび可、スポーツ可）
※ボール遊びなどをするときは、ルール・マナーを守って遊びましょう。
◎トイレ
多目的トイレ あり、オムツ替えシート あり
◎休憩所
ベンチ あり(多数）、テーブルセット あり、あずまや あり、飲み水 あり、自動販売機 あり　",木製アスレチック遊具、ブランコ,"桜や紅葉だけでなく季節ごとに彩る花を楽しめるので、普段はウォーキングや犬の散歩をしている人が多く見られます。夏休み期間中は無料の児童プールが開放され、多くの子どもたちが利用しています。週末にはイベントが実施されることもあります。
芝生広場に並ぶベンチは災害時には非常用トイレに、ブランコはテントの骨組みになります。また、耐震性貯水槽も設置され、広域防災拠点公園としての機能を備えています。
現在浜松城は少しずつ整備が進められています。管理者の方のお話では「平成27年3月に天守門が完成し、さらに来園者が増えた」とのことです。",コンビニが近くにあり、隣にはシティホテルもあります。浜松市役所や浜松市美術館も徒歩圏内です。,top_hamamatsujyo.jpg,osusume_hamamatsujyo1.jpg,osusume_hamamatsujyo2.jpg,osusume_hamamatsujyo3.jpg,snap_hamamatsujyo1.jpg,snap_hamamatsujyo2.jpg,snap_hamamatsujyo3.jpg,snap_hamamatsujyo4.jpg,snap_hamamatsujyo5.jpg,snap_hamamatsujyo6.jpg,2015年7月,でこ,1286,https://www.hamamatsu-pippi.net/tsunagaru/koen/2015091400156/
花川運動公園,ハナカワウンドウコウエン,4338116,中区,萩丘,浜松市中区西丘町724,34.7729,137.6899,053-473-1829,http://hanakawa.lolipop.jp/,,年末年始（12月29日～1月2日）,335台,7,,テニスコートを20面備え、2003年NEW!わかふじ国体でテニス競技の会場となりました。川や林に囲まれた自然豊かな公園としても魅力いっぱい。遊具広場や芝生広場、カブトムシの森もあり、いろいろな楽しみ方ができる人気の公園です。,遊具広場で遊ぼう,遊具広場には、7種類の木製アスレチック遊具があります。大型複合遊具は、長いすべり台が特徴。階段を駆け登り、ゆらゆら橋を渡って、一気にすべり台をすべり降りるのが面白い！　丸太と丸太の間隔が広いので、年長さんくらいからがおすすめです。広場の一番奥に、乳幼児も楽しめる小型複合遊具があります。,,1,1,公園内を散策しよう,"花川沿いにある公園には、数多くの木が植えられ緑豊かです。中でも桜並木は、お花見の季節に多くの人でにぎわいます。
舗装された道が公園内をぐるり一周囲んでいるので、ベビーカーでゆっくりとお散歩したり、三輪車や自転車の練習ができます。多目的広場は十分な広さがあるので、ボール遊びをのびのびとできます。",1,1,1,「カブトムシの森」「トンボの池」で虫さがし,「カブトムシの森」や「トンボの池」では、湧水や草むら、木々の花に集まったトンボ・バッタ・チョウなど、ふだん目にすることのない虫たちを見つけることができます。ただし、ズズメバチやヘビに注意して下さい。,,1,1,1,,1,,,,1,,"◎施設
テニスコート20面（有料）、会議室3室（有料）
◎広場
土の広場（ボールあそび可、スポーツ可）
※ボール遊びなどをするときは、ルール・マナーを守って遊びましょう。
◎トイレ
多目的トイレ あり（1か所）、オムツ替えシート なし
◎休憩所
ベンチ あり（4か所）、テーブルセット あり（1か所）、飲み水 あり（1か所）、自動販売機 あり",複合遊具（大型、木製）、ターザンロープ、小型複合遊具、スプリング遊具,"園内には様々な樹木や植物があり、春は花見、秋は紅葉やどんぐり拾いなど、季節ごとの自然を楽しむことができます。
道路2本をまたいで広がる公園は、駐車場が2か所あり、目的によって車を止める場所を変えるといいです。遊具広場・多目的広場で遊ぶ場合は「南側の駐車場」、カブトムシの森・トンボの池・芝生広場で遊ぶ場合は「北側の駐車場」を利用しましょう。
管理棟（テニスのクラブハウス）には、食事のできるテーブルやイス、自動販売機があります。",東名高速道路西インターより車で約5分ほどのところにあります。近くにお店がないので、お弁当を持って出かけるといいでしょう。,top_hanagawa.jpg,osusume_hanagawa1.jpg,osusume_hanagawa2.jpg,osusume_hanagawa3.jpg,snap_hanagawa1.jpg,snap_hanagawa2.jpg,snap_hanagawa3.jpg,snap_hanagawa4.jpg,snap_hanagawa5.jpg,snap_hanagawa6.jpg,2015年7月,お茶子,"1287	",https://www.hamamatsu-pippi.net/tsunagaru/koen/2015091400163/
葵が丘公園,アオイガオカコウエン,4338117,中区,萩丘,浜松市中区高丘東五丁目1,34.7609,137.7128,053-473-1829,,,,,,,広々としていて、乳幼児から小学生まで楽しめるポイントがたくさんある人気の公園です。小高い山の上から出発するローラーすべり台からは、公園全体を見渡せます。遊具だけでなく、四季折々の自然を楽しむこともできます。,みんな大好きローラーすべり台,メインとなるローラーすべり台は小高い山を登った先にすべり口があるので、まずは公園全体の景色を楽しむのがおすすめ。傾斜は穏やかで乳幼児でも楽しめます。通常のすべり台より長いので、パパやママと一緒にすべると子どもは大興奮！ 小高い山を登るのがまた、子どもにとっては楽しいですね。,1,1,1,ダイナミックに遊べる！ロープ製ジャングルジム,ロープ製ジャングルジム（ザイルクライミング）はスペースシャトルのような形をしていて、ロープでできたネットを自由に登って遊びます。ダイナミックに遊びたい小学生に大人気の遊具。幼児でも、親の付き添いがあればチャレンジできますよ。砂場の上にあるので、砂場遊びをしたり、ネットを登って遊んだり、年齢の離れたきょうだいで遊んでも一緒に長い時間楽しめます。,,1,1,自然あふれる公園,自然豊か、緑や花が多いので、赤ちゃんのお散歩におすすめです。春は桜が咲き誇り、初夏はヤマモモの実が生るなど四季折々の自然を楽しめます。夏にはせみやとんぼが飛び、虫捕りができます。,1,1,1,1,1,1,1,,,,,"◎広場
芝生広場、砂利敷きの広場（ボールあそび可）
※ボール遊びなどをするときは、ルール・マナーを守って遊びましょう。
◎トイレ
多目的トイレ あり（1か所）、オムツ替えシート あり（1か所）
◎休憩所
ベンチ あり（8か所）、テーブルセット あり（8か所）、あずまや あり（7か所）、飲み水 あり（2か所）",複合遊具（階段なし）、ローラーすべり台、ブランコ、シーソー、鉄棒、スプリング遊具、ターザンロープ、ザイルクライミング、砂場,"平日の午前中は、近所に住む乳幼児親子が多く集まっています。遊歩道は広々としていて、べビーカーでの散歩や自転車の練習に最適です。ベンチや東屋、テーブル付きベンチなど休憩場所が多く設置されているため、遊具周りだけでなく、静かな場所で休憩するのもいいと思います。お昼ごはんを持って遊びに行きたい公園です。園内や周辺には自動販売機がないので、飲み物は持参しましょう。
自衛隊の飛行機が上空を飛ぶので、飛行機好きの子はぜひ遊びに行ってみて下さい。",公園西側にホームセンターがあります。公園の入り口までは徒歩3分ほどです。買い物のついでに遊びに寄ってみてはいかがですか？,top_aoigaoka.jpg,osusume_aoigaoka1.jpg,osusume_aoigaoka2.jpg,osusume_aoigaoka3.jpg,snap_aoigaoka1.jpg,snap_aoigaoka2.jpg,snap_aoigaoka3.jpg,snap_aoigaoka4.jpg,snap_aoigaoka5.jpg,snap_aoigaoka6.jpg,2015年7月,ゆき,1288,https://www.hamamatsu-pippi.net/tsunagaru/koen/2015091400170/
西都中央公園,サイトチュウオウコウエン,4328069,西区,入野,浜松市西区志都呂一丁目41,34.6974,137.6611,053-473-1829,,,,10台（身障者用1台、思いやり1台含む）,,,全体が見通せるコンパクトな広さで平坦なため、乳幼児連れの親子には遊びやすい公園です。カラフルな大型複合遊具が子どもたちに大人気！　できてまだ数年の新しい公園です。,何から遊ぼう！？新しい遊具,複合遊具は、複数のすべり台、うんてい棒、ごっこ遊びができそうなカウンターなどがあります。ジャングルジムやブランコも新しいので気持ちよく遊べます。,,1,1,ボール遊びもスポーツもできる広場,ボールを追いかけまわして子どもが思いっきり走れるほど広いです。バドミントンやサッカーなども十分できる広さです。広場の周りにはベンチがあるので休憩もできます。,1,1,1,ちょっとした散策も,高い樹木や坂もなく開放的で、園内を一周できる遊歩道が整備されています。ベビーカーやよちよち歩きの子でも散歩しやすいです。公園の南側から新幹線を見ることができます。,1,1,1,1,1,1,1,,,,,"◎広場
芝生広場、砂利敷きの広場（ボールあそび可、スポーツ可）
※ボール遊びなどをするときは、ルール・マナーを守って遊びましょう。
◎トイレ
多目的トイレ あり（1か所）、オムツ替えシート あり（1か所）
◎休憩所
ベンチ あり（23か所）、あずまや あり（2か所）、飲み水 あり（1か所）",複合遊具、ブランコ、鉄棒、スプリング遊具,"週末はたくさんの親子でにぎわっています。
新しい公園で樹木が若く木陰がないため、夏場は熱中症や日焼け対策を万全にしましょう。ベンチが多く芝生広場も広いので、春や秋はピクニックを楽しめます。
売店や自動販売機がないため、食事や飲み物は事前に準備して下さい。
駐車場は、公園の北東にあります。週末は混雑していて車が停められないこともあるので、お昼前後か夕方の利用をおすすめします。",雄踏街道沿いにある大型家具店の西側、焼肉レストランの南側にあります。近くにコンビニエンスストアや薬局があります。大型ショッピングモールも近くにあるので、買い物帰りに寄ってみてはいかがでしょうか。,top_seitochuou.jpg,osusume_seitochuou1.jpg,osusume_seitochuou2.jpg,osusume_seitochuou3.jpg,snap_seitochuou1.jpg,snap_seitochuou2.jpg,snap_seitochuou3.jpg,snap_seitochuou4.jpg,snap_seitochuou5.jpg,snap_seitochuou6.jpg,2015年8月,瑠璃ママ,1289,https://www.hamamatsu-pippi.net/tsunagaru/koen/2015091400187/
静岡県立森林公園,シズオカケンリツシンリンコウエン,4340002,浜北区,赤佐,浜松市浜北区尾野2597-7,34.8466,137.7812,053-583-0443,https://kenritsu-shinrinkouen.jp/,"バードピア浜北：午前9時～午後4時30分
ピクニックガーデン・キャンプ場：午前10時～午後4時（3～11月）
木工体験館：午前9時～午後4時30分（木工体験は金～日曜日、木曜日は展示のみ）","バードピア浜北・ピクニックガーデン・キャンプ場：水曜日
木工体験館：月・火・水曜日",19台（第1）、52台（第2）、138台（第3）、29台（第4）、61台（第5）、94台（第6）、70台（第7）、15台（第8）、5台（木工体験館）,,,"1,000種類以上の植物や80種類以上の野鳥が四季折々の変化を楽しませてくれる自然公園。緑いっぱいの園内に芝生広場や木製遊具がゆったり配置され、自然体験やクラフト等のイベントや講座も開催しています。家族でお弁当を持って、一日ゆっくり森林浴を楽しむのにぴったりです。",お弁当を広げてゆっくり遊ぶならココ！スポーツ広場,園内で一番広く見渡しのいいスポーツ広場では、かけっこやボール遊びができます。広場の東側には、バーベキューや炊飯ができるピクニックガーデン（要予約）があります。 日陰やベンチがあるので、乳幼児連れでも安心です。近くに小川が流れていて、6月頃に蛍の観察ができます。また、ここから北へ5分ほど散策すると、かおりの広場の木製遊具で遊べます。,1,1,1,学べる施設　バードピア浜北＆木工体験館,"森林公園の上空から撮影した航空写真や地形ジオラマ、野鳥やクラフトの展示のほか、森の広場では積み木遊びや図書コーナーがあります。また、体験テーブルでは木で作ったパズルやパチンコ、いろいろな種やまつぼっくりの展示があり、自然について知ることができます。
バードピア浜北から歩いて5分の「木工体験館」では、指導員の丁寧なアドバイスのもと、自然の素材を使った自分だけの木工作品（材料費のみ有料）を作ることができますよ。",1,1,1,緑に囲まれた木製遊具,"冒険の森、かおりの広場には様々な種類の木製遊具があり、四季の変化を感じながら遊ぶことができます。春は小鳥のさえずりを聞き、夏は木陰で涼み、秋は紅葉やまつぼっくり拾いを楽しみながら体を動かしてはいかがですか？
渡ったり、のぼったり、ぶら下がったり、いろいろな遊具を体験することで子どもの成長を感じることができます。ただ、一部、幼児には難しい遊具があります。また、起伏もあるため必ず保護者が付き添いましょう。",,1,1,1,1,1,,,,1,,"◎施設
ビジターセンター（愛称：バードピア浜北）、イベント広場、冒険の森、かおりの広場、うぐいす谷親水広場、木工体験館、キャンプ場、ピクニックガーデン、空の散歩道、多目的施設 森の家
◎広場
スポーツ広場、つどいの広場（ボールあそび可）
※ボール遊びなどをするときは、ルール・マナーを守って遊びましょう。
◎トイレ
多目的トイレ あり、オムツ替えシート あり
◎休憩所
ベンチ あり、テーブルセット あり、飲み水 あり、自動販売機 あり（4か所）、売店 あり",冒険の森：木製遊具21基、かおりの広場：木製遊具14基,"遊んで学んでいろいろな自然体験ができ、大人も夢中になってしまう公園。お弁当を持って自然の中で一日楽しめます。とにかく広いため、駐車場の場所を調べてから公園へ行くことをおすすめします。初めて行く場合は、バートピア浜北の自然解説員さんから情報収集（おすすめの場所や観察ポイントなど）をするとよいです。散策するときは子どもから目を離さず、動植物は採取しないで下さいね。
バードピア浜北では、毎週土曜日午前10時30分～正午、動植物に詳しいガイドによる自然案内「ガイドウォーク～自然を歩こう」が行われています（無料・申込み不要）。その他にも、自然に親しむことが出来る様々なイベントが一年中行われています。
多目的トイレはバードピア浜北・スポーツ広場に、オムツ替えシートはバードピア浜北にあります。自動販売機はバードピア浜北・木工体験館・旧森林公園会館・森の家の4か所にありますが、広い公園なので飲み物は持参するのがおすすめです。
また、公園の東側に「多目的施設 森の家」があり、宿泊やレストランでの食事ができます。その近くにはつり橋「空の散歩道」があります。長さは150メートル、水面からの高さは48メートルあり、本当に空を散歩しているようでスリル満点！ アカマツの林、天竜川や浜北区の街並みを一望することができます。","天竜浜名湖線、新東名高速道路より北に位置しています。案内看板が出ていますが、国道152号線の交差点「新原東原」又は国道362号線の交差点「尾野高根」を目印にするとわかりやすいです。静岡県立森林公園に行く途中には、民間の「浜北森林アスレチック（有料）」がありますが、小学生の高学年以上向きです。
公園で汗をかいた後は「あらたまの湯」へ寄ってはいかがですか？",top_shinrin.jpg,osusume_shinrin1.jpg,osusume_shinrin2.jpg,osusume_shinrin3.jpg,snap_shinrin1.jpg,snap_shinrin2.jpg,snap_shinrin3.jpg,snap_shinrin4.jpg,snap_shinrin5.jpg,snap_shinrin6.jpg,2015年8月,まさパパ,1291,https://www.hamamatsu-pippi.net/tsunagaru/koen/2015091800017/
かもえ児童遊園（どんぶらこ公園）,カモエジドウユウエン（ドンブラココウエン）,4328023,中区,西,浜松市中区鴨江三丁目64,34.7065,137.7083,053-473-1829,,,,27台,,,大きな船をイメージした複合遊具が子どもたちに大人気の、通称「どんぶらこ公園」。周辺にお店やレストランなども多く、にぎわいのある地区に位置しています。園内の広場はボール遊びや鬼ごっこ、ラジコン遊びもできるほど広々としています。,ひとりですべれた！乳幼児用すべり台,パネルで四角く囲われた乳幼児用スペースにあり、低く、幅が広いのが特徴です。まわりが囲われているので「安心してすべっておいで～。」と一人でチャレンジさせるのにちょうどいいすべり台です。パネルひとつひとつにも様々なしかけがあるので、試してみてはいかがですか？,1,1,,何度もすべりたくなる！長いすべり台,大きな船をイメージした複合遊具「ドンブラッコ号」の長いすべり台をすべるには、ネットの上をはって行かなければいけないので、幼児にはちょっと頑張りが必要です。でも一回すべったらそんなの余裕！！さっきまで「怖くて登れない」と言っていたのに、一度すべった楽しさの方が勝って何度もチャレンジすること間違いなしです。,,1,1,風を切って気持ちいい！ターザンロープ,結構スピードが出るので、しっかりとロープにしがみつける力が必要。「気持ちいい！」とみんなニコニコです。使ったロープは元に戻す、知らないお友達に声をかける、順番を待つ、遊びつついろいろなことが身につく遊具です。,,1,1,1,,1,,,,,,"
◎広場
土の広場（ボールあそび可、スポーツ可）
※ボール遊びなどをするときは、ルール・マナーを守って遊びましょう。
◎トイレ
多目的トイレ あり（1か所）、オムツ替えシート なし
◎休憩所
ベンチ あり（4か所）、テーブルセット あり（1か所）、飲み水 あり（1か所）",複合遊具（大型）、乳幼児用スペース、ターザンロープ,"遊具が充実しているので、乳幼児から小学生まで、歳の離れたきょうだいも一緒に楽しめます。
駐車場側から入ってすぐのところに、乳幼児用スペースがあります。園内には屋根のあるベンチが少しありますが、日陰がないので、日差しが強い日には帽子が必須アイテムです。
平日の放課後・休日は、とても多くの子どもでにぎわっています。乳幼児は平日の午前中がゆったり遊べます。",公園内に自動販売機はありませんが、目の前に百円ショップ、中華レストラン（ファミリータイプ）、コンビニ、薬局（チェーン店）などがあります。周辺は車の通りが少し多いです。公園を出る時は注意しましょう。,top_kamoe.jpg,osusume_kamoe1.jpg,osusume_kamoe2.jpg,osusume_kamoe3.jpg,snap_kamoe1.jpg,snap_kamoe2.jpg,snap_kamoe3.jpg,snap_kamoe4.jpg,snap_kamoe5.jpg,snap_kamoe6.jpg,2015年7月,まちゃっち,"1101	",https://www.hamamatsu-pippi.net/tsunagaru/koen/2014021912462/
相生公園,アイオイコウエン,4300805,中区,江西,浜松市中区相生町23-2,34.7071,137.7486,053-463-1450,http://www.hamamatsu-park.jp/aioi/,"駐車場：午前8時30分～午後5時
貸自転車：午前9時30分～正午、午後1時～午後4時30分（1回30分）
プール：午前9時30分～正午、午後1時～午後4時（夏季期間のみ）",年末年始（12/29～1/3）,8台,94,,標識や信号などの交通ルールを学ぶことができる、交通公園です。本物みたいな道路で自転車に乗る練習ができます。高さのあるすべり台や大きな砂場、夏には児童プールもあり、週末は多くの家族連れでにぎわいます。,貸自転車で交通ルールを学ぼう！,横断歩道をはじめ、本物さながらの標識や信号機などが設置されていて、管理棟にある自転車を無料で借りることができます。補助輪付きから22インチまで種類豊富！ 2歳から小学生以下の子どもが利用できます。もちろん車は通らないので、安心して本格的に自転車の練習ができますよ。サンダルは禁止、必ず運動靴を履いて、ヘルメットも持参して下さいね。,,1,1,大きな砂場でどろだんご作り！,すべり台とブランコの隣には大きな砂場があります。管理棟で砂場セットを無料で借りて遊べます。少し離れた場所の水道から水を運べば、どろだんごもたくさんできそう♪,1,1,1,夏季限定！無料で遊べる児童プール,浜松市内に5か所ある児童プールのひとつ。浅い幼児用と小学生用、2か所あります。夏休み期間のみ無料で開放され、子どもたちに大人気！　水泳帽はお忘れなく。浮き輪の持ち込みもOKです。保護者も水着着用で付き添うのがルール、公園で遊んだ後に親子で水遊びはいかがですか？,1,1,1,1,,1,,,,1,,"◎施設
児童プール、自転車貸出、ソフトボール場
◎広場
なし
◎トイレ
和式のみ あり（2か所）
※公園内に多目的トイレ、オムツ替えシートはありませんが、隣接する東部協働センター内の多目的トイレ（オムツ替えシートあり）や授乳室が利用できます。
◎休憩所
ベンチ あり（16か所）、飲み水 あり（1か所）、自動販売機 あり（1か所）",すべり台、チェーンネットクライム、ブランコ、砂場（貸出あり）,"平日は未就園児の利用が多く、週末は市内外からたくさんの子連れファミリーでにぎわいます。駐車場は満車になることが多いので、朝一番に遊びに行くか、ランチタイム時からの利用がおすすめです。公園には木陰やベンチもあるので、レジャーシートを広げ、ピクニック気分でお弁当も楽しめます。自動販売機は管理棟の貸出自転車側にあります。
新幹線高架のすぐ横に位置するため、新幹線を間近で見ることができます。
管理棟には、管理人さんが居るため安心して遊ぶことができます。「公園では必ず保護者の付き添いのもと、標識や信号をしっかり守って、交通ルールを学びながら楽しく遊んで下さいね」と声をかけられました。","住宅街の中の公園です。公園の東側、徒歩数分のところにスーパーがあります。
すぐ隣にある東部協働センターの駐車スペースは、公園利用者は使えません。",top_aioi.jpg,osusume_aioi1.jpg,osusume_aioi2.jpg,osusume_aioi3.jpg,snap_aioi1.jpg,snap_aioi2.jpg,snap_aioi3.jpg,snap_aioi4.jpg,snap_aioi5.jpg,snap_aioi6.jpg,2015年7月,みきこ,1104,https://www.hamamatsu-pippi.net/tsunagaru/koen/2014021912493/
中田公園,ナカダコウエン,4350057,東区,長上,浜松市東区中田町78,34.7333,137.7555,053-473-1829,https://www.city.hamamatsu.shizuoka.jp/e-shinko/ward/higashiku/chiikiryoku/history/park/02nakata.html,,,なし,,,なだらかな起伏のある地形が走り回りたい気分を誘い、楽しく体を動かせる公園です。遊具は工夫された個性的なものが多く、乳幼児から小学生まで楽しく遊べます。また防災公園としても整備され、備蓄倉庫や耐震性の巨大水槽などを備えています。,楽しさいっぱい！アスレチック遊具,起伏のある芝生広場に、バランス棒や子ども用ロッククライミングウォールなどのアスレチック遊具があります。走り回っているだけでも楽しそう！中でもロープに捕まって、シューっと風をきるターザンロープは大人気で、笑い声をあげてロープにつかまっている子も。幼児から小学生まで、順番待ちをして何度も楽しめます。,,1,1,高いよ～ローラーすべり台,なかなかお目にかかれない高くて長いローラーすべり台。ママの抱っこですべったり、ひとりですべったり、お友達とつながって一緒にすべったりできます。ローラーが柔らかいので、お尻が痛くなりませんよ！,1,1,1,ちびっ子もママも安心、幼児用複合遊具,乳幼児でも安心して遊べる遊具。自動車のハンドルが付いていたり、すべり台が2種類ついていたり、砂場が一緒になっていて飽きない遊具です。砂場が大好きな子は、砂場セットを持参するとより楽しめます。,1,1,,1,1,1,,,,,,"◎施設
防災設備（備蓄倉庫、地下に耐震性の巨大水槽）
◎広場
砂利敷きの広場
◎トイレ
多目的トイレ あり、オムツ替えシート あり
◎休憩所
ベンチ あり（12か所）、テーブルセット あり（3か所）、飲み水 あり　",アスレチック遊具、幼児用複合遊具、ブランコ、スプリング遊具、ターザンロープ、動物型シーソー、土管のトンネル、砂場,"花壇やトイレがきれいに整備されていて、とても清潔です。近隣に住む子ども達でいつもにぎわっています。
市内で整備が進められている防災公園のひとつ。備蓄倉庫や立派なトイレ、地下には耐震性の巨大水槽があり、災害の避難場所として機能が備わっています。
駐車場はありません。路上駐車すると近隣に迷惑がかかります。遊びに行く時は公共交通機関を使いましょう。（浜松駅より遠鉄バス10番のりば 労災病院 中田町 イオン市野行きで約18分）",住宅街にある公園です。アスレチック遊具や防災倉庫側の道路沿いに自動販売機があります。主要道路に面しているので、子どもから目を離さないように気をつけましょう。,top_nakata.jpg,osusume_nakata1.jpg,osusume_nakata2.jpg,osusume_nakata3.jpg,snap_nakata1.jpg,snap_nakata2.jpg,snap_nakata3.jpg,snap_nakata4.jpg,snap_nakata5.jpg,snap_nakata6.jpg,2015年7月,いずみかん,1105,https://www.hamamatsu-pippi.net/tsunagaru/koen/2014021912509/
半田公園,ハンダコウエン,4313125,東区,積志,浜松市東区半田山五丁目18-1,34.7765,137.7402,053-473-1829,https://www.city.hamamatsu.shizuoka.jp/e-shinko/ward/higashiku/chiikiryoku/history/park/01handa-p.html,駐車場：午後9時に施錠,,8台,,,静かな住宅街にある落ち着いた公園。ローラーすべり台や大きな複合遊具など、遊具がバラエティ豊かで飽きずに遊べます。広場にはバスケットゴールがあり、ボール遊びや自転車の練習ができます。,みんなのお気に入りローラーすべり台,小高い丘の上までゆるやかな階段を上っていくと、20ｍほどの長いローラーすべり台があります。スピードが出ないので3歳くらいの子から楽しめます。すべり台をすべった先には大きな砂場があり、砂遊びもできます。すぐ近くに水道があるので、とても便利です。,,1,1,なにして遊ぼうかな！大型複合遊具,幼児は階段を登ってすべり台をすべったり、はしごを登って太鼓橋を渡ったり、小学生はもっと難しいところを歩いたりと、年齢や発達に合わせて楽しめます。トンネルのすべり台も楽しいですよ。,,1,1,遊具がバラエティ豊か,公園の北側にある遊具は、何人も一緒に乗ってわいわいにぎやかに遊べるスプリング遊具。この他、乳幼児も遊べるスプリング遊具や、隠れ家のような遊具、また小学生に人気のターザンロープなどがあり、幅広い年齢で楽しめます。,1,1,1,1,1,1,,,,1,,"◎施設
バスケットゴール
◎広場
砂利敷きの広場（ボールあそび可、スポーツ可）
※ボール遊びなどをするときは、ルール・マナーを守って遊びましょう。
◎トイレ
多目的トイレ あり（1か所）、オムツ替えシート あり（1か所）
◎休憩所
ベンチ あり（約20か所）、テーブルセット あり（3か所）、あずまや あり（7か所）、飲み水 あり（2か所）、自動販売機 あり（2か所）",複合遊具（大型・アスレチック）、ローラーすべり台、ブランコ、シーソー、ターザンロープ、スプリング遊具、砂場,"管理が行き届いたきれいな公園です。平日の午前中は未就園児が多く、午後になると幼稚園児や小学生が多く利用しています。住宅街の中にあるので、近所の方は散歩のついでにベビーカーや自転車で遊びに来ています。公園南側にある駐車場は8台まで。車で行く方は早い時間がおすすめです。
園内には屋根つきベンチがたくさんあり、お弁当持参で遊びに行くのがおすすめです。バスケットゴールのある広場は、ボール遊びはもちろん、自転車の練習もできる広さがあります。","半田山の静かな住宅街の中の緑に囲まれた公園です。公園北側にはバス停もあり、便利です。大きな通り沿いにあるので、道路に出る時は注意が必要です。
すぐ近くにスーパーなどはありませんが、自動販売機が外周に2か所（4台）あるので、飲み物が買えます。",top_handa.jpg,osusume_handa1.jpg,osusume_handa2.jpg,osusume_handa3.jpg,snap_handa1.jpg,snap_handa2.jpg,snap_handa3.jpg,snap_handa4.jpg,snap_handa5.jpg,snap_handa6.jpg,2015年7月,みほ,1106,https://www.hamamatsu-pippi.net/tsunagaru/koen/2014021912516/
西岸中央公園,セイガンチュウオウコウエン,4328068,西区,入野,浜松市西区大平台三丁目137-1,34.7126,137.6753,053-473-1829,https://www.city.hamamatsu.shizuoka.jp/maps/n-seigan_p.html,レクリエーション広場：午前9時～午後5時（5～8月は午後7時まで）,レクリエーション広場：年末年始（12/29～1/3）,10台,32,,アスレチックがとても充実、敷地は広くサッカーやソフトボールができるレクリエーション広場もあります。緑豊かで、木陰のベンチや屋根つきの休憩所も多く、乳幼児からはもちろん、幅広い世代が十分に楽しめる公園です。,幅広い年齢で楽しめる遊具,大きなアスレチックはつり橋やネット、タイヤのブランコやパネル迷路など、遊具が充実しています。子どもの好奇心を刺激する、楽しい仕掛けがいっぱいで、年の離れたきょうだいがいても一緒に思いっきり遊べます。,,1,1,ローラーすべり台,ローラー部分はアルミ製なので、夏でも熱くなりすぎません。傾斜がゆるやかでカーブがあり、スピードが速くなりすぎないため、乳幼児でも安心して楽しめます。,1,1,1,屋根つきの休憩所,木陰が多く自然が豊かな園内には、屋根つきの休憩所が4か所あります。スーパーやカフェが近くにあるので、お昼ごはんやおやつ、飲み物を買って公園でのんびりと過ごすこともできます。,1,1,1,1,1,1,,,,1,,"◎施設
レクリエーション広場2区（芝生広場）
◎広場
砂利敷きの広場、土の広場（ボールあそび可、スポーツ可、花火可）
※ボール遊びなどをするときは、ルール・マナーを守って遊びましょう。
◎トイレ
多目的トイレ あり、オムツ替えシート あり
◎休憩所
ベンチ あり（多数）、テーブルセット あり、あずまや あり（4か所）、飲み水 あり、自動販売機 あり",複合遊具（大型・木製・アスレチック）、すべり台、ローラーすべり台、ブランコ、シーソー、鉄棒、スプリング遊具、ターザンロープ,"平日午前は未就園児の利用が多く、ベビーカーの乳児も多く来ています。午後になると、幼稚園児や小学生、高校生がたくさん利用しています。
2歳の子どもと行きましたが、親目線でまだちょっと無理かな？と思うような遊具にも積極的に挑戦しようとする姿を見て、わが子の成長を感じました。対象年齢別に遊具の場所が離れているので、気兼ねなく乳幼児を遊ばせることができ安心です。
敷地が広いため、駐車場に停めると遊具までかなり距離があります。乳幼児連れの場合は、ベビーカーがあると便利です。
駐車場が狭い（10台）ので混んでいることがよくあります。",大平台高校の隣に面していて、新しい住宅街の中心にあります。公園へ続く歩道も広く、カフェやおしゃれなレストランもあるので、公園で遊んだ後にはママ友ランチも楽しめそう。近くにスーパーがあるのでお買い物も便利です。,top_seigantyuou.jpg,osusume_seigantyuou1.jpg,osusume_seigantyuou2.jpg,osusume_seigantyuou3.jpg,snap_seigantyuou1.jpg,snap_seigantyuou2.jpg,snap_seigantyuou3.jpg,snap_seigantyuou4.jpg,snap_seigantyuou5.jpg,snap_seigantyuou6.jpg,2015年7月,T山,1107,https://www.hamamatsu-pippi.net/tsunagaru/koen/2014021912523/
堀出前中央公園（とびっこ公園）,ホリデゼンチュウオウコウエン（トビッココウエン）,4310103,西区,雄踏,浜松市西区雄踏一丁目30-230-1,34.6921,137.6437,053-473-1829,,駐車場：午前8時30分～午後7時(10～3月は午後5時まで）,,103台（身障者用1か所、思いやり1か所含む）,,,長いすべり台がついた大きな帆船遊具が圧倒的に存在感をもつ、通称「とびっこ公園」。広い芝生広場では子どもたちが駆け回り、バードウォッチングの物見台も人気。珍しいバケット型ブランコをはじめ1歳から遊べる多くの遊具がぎゅっと詰まった新しい公園です。,大人気！お船の形の大型遊具,公園に入ってまず目をひくのが、中央にあるこの大きな船「とびっこ号」。長いすべり台は特に人気が高く、休日にはたくさんの親子連れが列を作っています。船のお腹の中や甲板はアスレチックになっているので、探検する楽しみも。,,1,1,1歳からOK！遊具デビューにオススメ,この公園の遊具は、1歳から3歳の乳幼児に最適なものが多いのが特徴です。特にブランコは珍しいバケット型で、従来型のブランコがまだうまくこげない幼児でも楽しく、より安全に遊べます。,1,1,1,夏場の注目スポット！噴水広場,気軽に水遊びができる噴水広場は、夏の人気スポットです。あちらこちらから噴き出てくる水に、子どもたちは大はしゃぎ。服はびしょぬれになるけど、とっても楽しそう。どうか着替えを忘れずに…。,1,1,1,1,1,1,1,,,,,"◎施設
噴水広場、健康歩道、野鳥かんさつデッキ
◎広場
芝生広場（ボールあそび可、スポーツ可）
※ボール遊びなどをするときは、ルール・マナーを守って遊びましょう。
◎トイレ
多目的トイレ あり（1か所）、オムツ替えシート あり（1か所）
◎休憩所
ベンチ あり（複数）、テーブルセット・あずまや あり（5か所）、飲み水 あり(2か所）",複合遊具（大型帆船遊具）、すべり台、ブランコ、クライミング遊具、スプリング遊具,"さて、どこで遊ぼうか！ と、ワクワクする公園です。
幼児向けの遊具広場では幼児が大人と一緒に楽しそうに遊んでいますし、芝生広場では小学生くらいの子がパパとサッカーやキャッチボールをしている姿をよく見かけます。
大きな船での遊び方もいろいろ。長いすべり台デビューで泣いちゃう子もいれば、海賊ごっこで遊ぶ子も。この船は小学生以上の子が楽しく遊べるように設計されているので、乳幼児は大人が付き添うようにしましょう。
一方で、野鳥観察ができる物見台の近くには足つぼに効きそうな「自然浴さんぽ路」があり、多くのあずま屋が点在しているので、幅広い世代が楽しめる公園です。",大型ショッピングセンターが徒歩10分ほどの場所にあるほか、ホームセンターやスーパー、ベビー用品店、弁当店が徒歩5分圏内に点在しています。近隣でお弁当や飲み物を買って、あずまやで食べる家族連れが多いです。ただ、公園にはゴミ箱がないので、出たゴミは持ち帰る必要があります。,top_horidemae.jpg,osusume_horidemae1.jpg,osusume_horidemae2.jpg,osusume_horidemae3.jpg,snap_horidemae1.jpg,snap_horidemae2.jpg,snap_horidemae3.jpg,snap_horidemae4.jpg,snap_horidemae5.jpg,snap_horidemae6.jpg,2015年7月,しば,1109,https://www.hamamatsu-pippi.net/tsunagaru/koen/2014021912547/
浜名湖ガーデンパーク,ハマナコガーデンパーク,4311207,西区,庄内,浜松市西区村櫛町5475-1,34.7129,137.5953,053-488-1500,http://www.hamanako-gardenpark.jp/,"管理棟：午前8時30分～午後5時(9～6月)、午前8時30分～午後6時(7～8月)
展望塔：午前9時～午後4時30分(9～5月)、午前9時～午後5時(6～8月)",年末年始（12/29～1/3）,約1800台(北390台、西840台、南210台、その他360台),,,2004年に開催された浜名湖花博の跡地を利用した都市公園。入場無料で浜名湖の美しいロケーションと四季おりおりの花々を楽しむことができます。園内はユニバーサルデザインに配慮されており、ベビーカーの赤ちゃん連れでも安心です。,四季と共に移り変わる花々,広大な敷地内に数多くの花が植えてあり、どんな季節に訪れても楽しむことができます。園内にはゆっくりと腰を落ち着けられる休憩所が多くあり、フラットな地形なのでベビーカーの赤ちゃん連れでも安心。四季を通じてゆったりと花々の変化を楽しむことができます。,1,1,1,みんなで楽しめるこども広場,南駐車場から歩いてすぐのところにあるこども広場。大型のネット遊具や小型複合遊具、健康歩道があり、年齢を問わずに十分に楽しめるスペース。6歳未満の子どもでも保護者同伴であれば全て遊べるものの、大型ネット遊具は大人でもドキドキしてしまうほどの迫力と高さがあります。遊ぶときはスニーカー、ズボンなどの動きやすい格好をおすすめします。,,1,1,水遊びで暑い夏を吹き飛ばせ！,夏期には子どもたちに大人気の水遊び広場がオープン。噴水やポンプ型遊具、浅い池があり、赤ちゃんから大人まで家族みんなで水遊びを楽しむことができます。週末、夏休みの天気がいい日は混雑が予想されます。紙おむつ、靴やサンダルの着用は禁止なので注意して下さい。,1,1,1,1,1,1,1,1,,1,1,"
◎施設
南案内所（車いす・ベビーカー・シルバーカー貸出、キャッシュバック式コインロッカー）、北案内所（車いす・ベビーカー・シルバーカー貸出）、体験学習館(キッズコーナー、授乳室、情報センター、キャッシュバック式コインロッカー、管理事務所)、展望塔(有料)、ファミリー自転車貸出(有料)、フリーWi-Fi、水遊び広場
◎広場
緑地広場、中央芝生広場（ボールあそび可）
※ボール遊びなどをするときは、ルール・マナーを守って遊びましょう。
◎トイレ
多目的トイレ あり(11か所：オストメイト対応3か所)、オムツ替えシート あり(11か所)
◎休憩所
ベンチ あり(多数)、テーブルセット あり(多数)、あずまや あり(24か所)、売店 あり(軽食レストラン 1か所、テイクアウト 3か所)、自動販売機 あり(12か所)　",複合遊具（大型）、小型複合遊具、スプリング遊具,"もともと浜名湖花博の会場だった浜名湖ガーデンパーク。広大な敷地には、夏の強い日差しや冬の冷たい風をさえぎるものがほとんどないため、乳幼児連れは対策が必要です。
ベンチ・テーブル付きの休憩所が数多くあり、食事をする場所には困りませんが、ごみ箱がないため各自必ず持ち帰るのを忘れずに。
駐車場から人気スポット（こども広場や水遊び広場など）までは距離があります。何度も行き来するのは大変なので、忘れ物などないようにしましょう。
公園のほぼ中央に高さ50ｍの展望塔があります。最上階には展望室があり、ガーデンパークの全景はもちろん、浜名湖の風景も一望できます。エレベーターがあるので、ベビーカーの利用も可能。暑さ寒さをしのげるので、一時の休憩におすすめです。","浜名湖沿いの豊かな自然に囲まれた公園です。徒歩圏内にスーパー・コンビニなどはありません。お弁当や飲み物などは持参するのがベストです。
また、浜名湖ガーデンパークから西へ車で2分の浜名湖湖畔に潮干狩り場があります。砂浜での潮干狩りなので子どもでも安心して楽しめます。5～8月の週末は多くの人でにぎわっています。",top_garden.jpg,osusume_garden1.jpg,osusume_garden2.jpg,osusume_garden3.jpg,snap_garden1.jpg,snap_garden2.jpg,snap_garden3.jpg,snap_garden4.jpg,snap_garden5.jpg,snap_garden6.jpg,2015年8月,はむかつ,1110,https://www.hamamatsu-pippi.net/tsunagaru/koen/2014021912554/
春野ふれあい公園,ハルノフレアイコウエン,4370626,天竜区,春野,浜松市天竜区春野町領家145-1,34.9578,137.8874,053-985-0579,http://www.hama-park.or.jp/f-kanri/f-haruno/haruno-hureai.htm,"パターゴルフ場：午前9時～午後5時（5～8月は午後7時まで）
貸自転車：午前9時～午後5時（5～8月は午後7時まで）
テニスコート：午前9時～午後9時
野外ステージ：午前9時～午後9時
研修室：午前9時～午後9時",毎週月曜日（祝日の場合は翌日、12～2月）、年末年始（12/29～1/3）,84台,72,,浜松の中心市街地から車で約1時間、天竜区春野町の豊かな山並みを望む、自然いっぱいの公園です。遊具がある幼児広場の他にも広いグラウンドやパターゴルフ場などがあり、楽しさいろいろ。夏には水遊びもできます。北遠ドライブの途中にぜひ立ち寄りたい公園です。,お砂場セットを貸してくれるよ！幼児広場,木製の複合遊具、ターザンロープ、スプリング遊具などがあります。すべり台の下は広い砂場になっていて、子どもたちに大人気。砂場セットを借りて遊ぶことができます。トイレが近くにあるので小さい子でも安心。そばには浅い水場があり、めずらしいモリアオガエルの卵など、いろいろな生物を観察できます。,1,1,1,パターゴルフに挑戦してみよう,本格的な18ホールのパターゴルフ場があります。斜面に作られたホールは起伏があり、バラエティに富んだコースになっています。ホールを進むごとに、楽しくて盛り上がること間違いなし！幼児は無料、小中学生は100円、保護者も300円で遊べます（パターとボールの無料貸出あり）。,,1,1,自然の素材でクラフト体験,剪定枝や木の実などを使ったクラフト体験（10～200円）ができます。年少の娘は「フクロウ・クマ・コアラ・ブタ」が作れるキットを100円で購入してチャレンジ！ボンドでくっつけるだけなので幼児でも簡単に作れます。他にも、公園に落ちている葉っぱや枝、ペットボトルを使って、自分だけのオリジナル作品を作ることができます。カッターやはさみを使う作品を作る時は、保護者が付き添って下さいね。,,1,1,1,,1,1,,,1,,"◎施設
水遊び場、パターゴルフ（有料）、自転車貸出（有料）、テニスコート（有料）、野外ステージ（有料）、研修室（有料）
◎広場
芝生広場（ボールあそび可、スポーツ可）
※ボール遊びなどをするときは、ルール・マナーを守って遊びましょう。
◎トイレ
多目的トイレ あり（1か所）、オムツ替えシート なし
◎休憩所
ベンチ あり、テーブルセット あり、あずまや あり、飲み水 あり、自動販売機 あり（2か所）　",複合遊具（木製）、ターザンロープ、スプリング遊具、動物の置物、砂場（貸出あり）,"山間の大自然に囲まれた緑豊かな公園です。
幼児広場は駐車場から近くて見渡せる広さなので、乳幼児連れのママも安心です。広い芝生の多目的広場には、サッカーゴールがあります。他にもパターゴルフ場やテニスコートがあるのでいろいろな遊びができます。昆虫採集や落ち葉拾いも楽しめます。
正面プロムナードの噴水は1時間おきに水が流れ、暑い夏場には水遊びができます。浅い水路で乳幼児でも遊べますが、少し深くなっている場所があるので注意して下さい。
幼児広場横の多目的トイレと管理人室裏のトイレが洋式になっています。自動販売機は、駐車場と管理棟横にあります。","近くにコンビニなどはないので、食べるものは持参しましょう。
国道362号線を浜松方面に車で5分ほど行くと「道の駅　いっぷく処横川（午前9時～午後4時30分 火曜日定休）」があります。名物天竜しいたけの他に、手作り蒸しパンやクッキーなども置いてあります。
国道362号線を中川根方面に車で5分ほど行けば「春野文化センター」があります。ここには日本一大きい天狗のお面があるので、少し足を延ばして見に行ってみてはいかがでしょうか？",top_haruno.jpg,osusume_haruno1.jpg,osusume_haruno2.jpg,osusume_haruno3.jpg,snap_haruno1.jpg,snap_haruno2.jpg,snap_haruno3.jpg,snap_haruno4.jpg,snap_haruno5.jpg,snap_haruno6.jpg,2015年6月,はに～,1120,https://www.hamamatsu-pippi.net/tsunagaru/koen/2014021912653/
三島楊子公園,ミシマヨウズコウエン,4350024,南区,白脇,浜松市南区楊子町549-1,34.6921,137.7425,053-473-1829,https://www.city.hamamatsu.shizuoka.jp/maps/m-mishima_p.html,,,14台,92,,馬込川の川沿いに位置する開放的な雰囲気の公園。広々として見通しが良い上、遊具の種類も豊富です。また、防災公園として整備されているので、広場の地下には非常用貯水槽が設置され、災害時には遊具やブランコの支柱がテントの骨組みになるよう設計されています。,ハンドルにぎって運転手気分。乗り物好きにはたまらない！？,車と汽車の形をした遊具があり、乗り物好きの子どもにはたまりません。「出発進行～！！」ハンドルをつかんで、右に、左に、どこへ連れて行ってくれるかな～？？,1,1,,ロープをつかんで「忍者わたり」,複合遊具から吊られた6本のロープを順番に渡る「忍者わたり」。グラグラと揺れるロープをしっかりとつかむ力が必要です。少し高さがあるので小学生向けですが、幼児でも支えてもらえば渡ることができます。コツがわかると一人で渡りきることができるようになります。,,1,1,ボール遊びもできる広場,かけっこをしたり、ボール遊びをしたり、とんぼを追いかけたり、家族みんなで楽しめる広い芝生があります。ベンチからは園内を見渡せ子どもたちが遊ぶ様子を見守ることもできます。ところどころにテーブルがあるので、お弁当を用意して行くのもおすすめ。広場の周りには花が咲いていて、ベビーカーでのお散歩がのんびりできます。,1,1,1,1,1,1,1,,,,,"◎施設
防災設備（防災倉庫、地下に貯水槽）
◎広場
芝生広場、砂利敷きの広場（ボールあそび可、スポーツ可）
※ボール遊びなどをするときは、ルール・マナーを守って遊びましょう。
◎トイレ
多目的トイレ あり（2か所）、オムツ替えシート あり（2か所）
◎休憩所
ベンチ あり、テーブルセット あり、あずまや あり、飲み水 あり(2か所）",複合遊具、幼児用複合遊具、ブランコ、動物やフルーツの置物、車や汽車の形をした遊具,"馬込川の川沿いに位置し、開放的な雰囲気の公園です。平日の午前中は未就園児親子がのんびりと遊んでいます。午後になると幼稚園や学校が終わった子どもたちもたくさん遊びに来てにぎやかになります。乳幼児は午前中がおすすめ。休日の午前中には、パパが一人で子どもたちと遊んでいる姿が多く見られます。
セミやトンボを追いかける子どもの姿も見られ、遊具だけでなく、虫取り、お散歩、広場でのかけっこなど、幅広い年齢層が楽しめる公園です。
公園の広さのわりに木陰が少ないので、夏場は日焼け対策、熱中症対策をして出かけましょう。",,top_mishima.jpg,osusume_mishima1.jpg,osusume_mishima2.jpg,osusume_mishima3.jpg,snap_mishima1.jpg,snap_mishima2.jpg,snap_mishima3.jpg,snap_mishima4.jpg,snap_mishima5.jpg,snap_mishima6.jpg,2015年8月,aika,1111,https://www.hamamatsu-pippi.net/tsunagaru/koen/2014021912653/
石人の星公園(遠州灘海浜公園 中田島北地区),セキジンノホシコウエン（エンシュウナダカイヒンコウエン ナカタジマキタチク）,4300844,南区,五島,浜松市南区江之島町1706,34.6689,137.7481,053-442-6775,https://www.enshunada.com/,"管理棟：午前8時30分～午後5時
駐車場：午前8時30分～午後8時",,352台（普通車）、9台（大型車）,,,メキシコのツーラーやイースター島のモアイ像を連想させる石人が多数配置されていることから、2015年3月に愛称「石人の星公園」と名付けられた遠州灘海浜公園 中田島北地区。広大な敷地には球技場や芝生広場、大型複合遊具、自然生態観察園があります。,遠くからでも目を引く、色鮮やかな複合遊具,大小5つの形が違うすべり台があって、幼児から小学生まで楽しめます！すべり台にたどり着くにも、どこから登ろうかな？とワクワクします。遊具の上からの眺めも最高！　遊具の高い部分は、柵も高くなっているから安心して遊べます。トンネルすべり台、ロングすべり台…どれが一番楽しいかな？,1,1,1,幼児用遊具,まるで岩山をのぼるような階段や、ぐるぐる巻いたはしごのような階段はそれだけで子どもの心を刺激します。波型すべり台と普通のすべり台もあり、友だちとゆったり遊べます。大型遊具からは少し離れたところにあるので幼児だけで楽しむことができそうです。,1,1,,サイクル広場,サイクル広場では、自転車や三輪車、一輪車の無料貸出しがあります。自分の自転車を持ち込むこともできます。内側が一輪車の練習場、南側には幼児用三輪車が置いてあり、専用のスペースになっています。,,1,1,1,1,1,1,,,1,,"◎施設
ログハウス（管理事務所、休憩所、授乳コーナー）、自然生態観察園、自転車貸出、球技場（有料）、会議室（有料）
◎広場
芝生広場（ボールあそび可、スポーツ可）
※ボール遊びなどをするときは、ルール・マナーを守って遊びましょう。
◎トイレ
多目的トイレ あり（3か所）、オムツ替えシート あり（1か所）
◎休憩所
ベンチ あり（多数）、テーブルセット あり（多数） 、あずまや あり（5か所）、飲み水 あり、売店 あり（1か所）、自動販売機 あり（飲料 5か所、アイス 3か所）",大型複合遊具、幼児用複合遊具、すべり台、砂場,"遊具だけではなく、ウォーキングコースも整備されています。植物の手入れも行き届いていて、散歩するのも気持ちいい！公園の少し奥に行けば静かな芝生広場があってベンチに座るだけでもリラックスできます。
平日は未就園児の小さい子がのんびりと遊んでいます。春や秋などの遠足シーズンには遠足利用の団体で混雑することがあります。お祭りや自然観察会、季節のイベントなどが定期的に行われ、週末はたくさんの家族連れでにぎわっています。
公園の西側には大きな球技場があり、サッカーやラグビーの試合を観戦できます。球技場北側にある芝生広場では、サッカーの練習をしている親子をたくさん見かけます。
駐車場は公園入口から入って西側。とても広いです。
売店では弁当も売られているので、手ぶらで行って一日楽しめますね。(平日の弁当は注文後30分程で届きます。)","国道一号線の南側にある公園です。中田島砂丘まで徒歩20分、近くのコンビニまで徒歩7分です。
遠州灘海浜公園は中田島北地区（石人の星公園）、中田島中地区（風車公園）、白羽地区（凧公園）の3地区に分かれています。白羽地区では浜松まつりの時は凧揚げ合戦の会場となり、多くの観光客でにぎわいます。",top_enshunada.jpg,osusume_enshunada1.jpg,osusume_enshunada2.jpg,osusume_enshunada3.jpg,snap_enshunada1.jpg,snap_enshunada2.jpg,snap_enshunada3.jpg,snap_enshunada4.jpg,snap_enshunada5.jpg,snap_enshunada6.jpg,2015年8月,さいとう,1114,https://www.hamamatsu-pippi.net/tsunagaru/koen/2014021912592/
都田総合公園,ミヤコダコウエン,4312103,北区,新都田,浜松市北区新都田一丁目3-103-4,34.8204,137.7281,053-428-4860（南管理棟） 053-428-2803（北管理棟：わんぱくゲレンデ）,https://www.city.hamamatsu.shizuoka.jp/koen-kan/park/parks/miyakoda/miyakoda_index.html,"南管理棟：午前8時30分～午後5時
北管理棟（わんぱくゲレンデ）：午前10時～正午、午後1時～午後4時",年末年始（12/29～1/3）,"324台（北・南・西の3か所）
出庫時間：午前8時30分～午後7時　※入稿は午後5時まで",82,,広大な敷地は豊かな緑と水に囲まれ、四季折々の自然を満喫できる公園。散歩やジョギングなど毎日訪れる人も多いです。わんぱくゲレンデや木製の複合遊具など思いっきり体を動かして遊べる施設や、のんびり日向ぼっこができる芝生広場など子ども連れの満足度も高いです。,ここでしか味わえない！そりすべり体験,広大な人工芝の上をそりに乗って一気にすべり降りることができるわんぱくゲレンデは、年間10万人を超える来場者があり、一番の人気施設。体験できるのは3歳から12歳までの子どもですが、未就学児と同伴なら大人も乗ることができます（そりとヘルメットの無料貸出あり）。そりで風を切って進むのは、大人でもとっても気持ちいいものです。,,1,1,乳幼児にぴったりのちびっこ広場,乳幼児が安心して遊べる木製遊具があります。木でできた列車は動きませんが、運転手気分が楽しめます。ブランコや馬や豚の形をしたスプリング遊具や短めのすべり台など、赤ちゃんから幼児連れが遊ぶにはちょうどいい広場です。,1,1,1,大きな吊り橋から見る景色は最高,増沢調整池にかかる「増沢のつりはし」は、とても大きくて立派。赤ちゃんから大人まで、ひと時の空中散歩気分を味わえます。池には釣りをしている人の姿もあり、橋の上からでもカメや魚を見つけることができます。また、橋の上から周囲を見渡せば、緑に囲まれていることを実感でき、気分もリフレッシュします。,1,1,1,1,1,1,1,,,1,,"◎施設
わんぱくゲレンデ、そり・ヘルメット（貸出あり）
◎広場
芝生広場、イベント広場、多目的広場（ボールあそび可、スポーツ可）
※ボール遊びなどをするときは、ルール・マナーを守って遊びましょう。
◎トイレ
多目的トイレ あり（4か所）、オムツ替えシート あり（4か所）
◎休憩所
ベンチ あり（多数）、テーブルセット あり（多数）、あずまや あり（多数）、飲み水 あり（多数）、自動販売機 あり",複合遊具（大型・木製・アスレチック）、すべり台、ブランコ、スプリング遊具、木製列車,"都田テクノポリス地区の入り口にあり、自然地形を生かした緑豊かな公園です。とにかく広くて、ゆったりとしています。春はお花見、秋には紅葉やどんぐり拾いが楽しめます。
駐車場は北・南・西の3か所にわかれています。わんぱくゲレンデ・冒険広場・ちびっこ広場へ行きたい場合は北駐車場、増沢のつりはしを渡りたい場合は西駐車場、芝生広場・多目的広場へ行きたい場合は南駐車場を利用するといいです。目的の場所から離れた駐車場に停めるとかなりの距離を移動することになります。赤ちゃん連れにはベビーカーがあったほうが便利です。","工業団地の中にある取り付け道路沿いの公園です。公園がとても広く工場用地に隣接しているので、迷いやすいです。また、行き止まりの道、民家や山に入ってしまう道もあるので気をつけてください。北駐車場は、「工技センター」の交差点を西に入り（「わんぱくゲレンデ」という看板があります）、一つ目の信号を左折して、道なりに進んだ行き止まりにあります。
公園の近くにホームセンターやスーパーがあり、その中にフードコートがあります。公園内には自動販売機しかないので、お弁当を持って来なかった時などに利用すると便利です。",top_miyakoda.jpg,osusume_miyakoda1.jpg,osusume_miyakoda2.jpg,osusume_miyakoda3.jpg,snap_miyakoda1.jpg,snap_miyakoda2.jpg,snap_miyakoda3.jpg,snap_miyakoda4.jpg,snap_miyakoda5.jpg,snap_miyakoda6.jpg,2015年8月,みかん花子,1115,https://www.hamamatsu-pippi.net/tsunagaru/koen/2014021912608/
染地台野鳥公園,ソメチダイヤチョウコウエン,4340046,浜北区,浜名,浜松市浜北区染地台一丁目３２,34.7865,137.7458,053-473-1829,,,,30台,93,,浜北きらりタウンの中にあるきれいに整備された公園です。乳幼児でも遊べる遊具がありコンパクトにまとまっているので、未就学児におすすめです。森の中に続く遊歩道は舗装されていて、ベビーカーの移動もスムーズ。ビオトープでは自然観察ができます。,いろんなところに挑戦だ！複合遊具,駐車場のすぐそばにある複合遊具は、大小さまざまなすべり台が5つあるので、成長に合わせて楽しめます。他にも、ネットくぐりや鉄琴風の遊具など遊びの要素がいっぱい。ネットやクライミングの壁渡りにも挑戦してみてね。,,1,1,自然観察してみよう！ビオトープ,遊具の奥に、頂上広場へ上る道と、ビオトープへ下る道が続いています。舗装されたスロープがあるのでベビーカーでも大丈夫。ビオトープには小さい魚が泳いでいて、野鳥の姿が見られることも。秋になるとどんぐり拾いや、落ち葉が風に舞ってくるのを楽しんだり、拾ったりしても楽しめます。ところどころにベンチがあるのでのんびりできますよ。,1,1,1,今日は何して遊ぼうか？多目的広場,芝生の多目的広場はボール遊びするのに十分な広さです。外周がぐるっと一周できるので、乗り物遊びもおすすめです。お昼にはお弁当を広げている家族の姿も見られます。,1,1,1,1,1,1,1,,,1,,"◎広場
芝生広場、土の広場（ボールあそび可、スポーツ可）
※ボール遊びなどをするときは、ルール・マナーを守って遊びましょう。
◎トイレ
多目的トイレ あり（2か所）、オムツ替えシート あり（2か所）
◎休憩所
ベンチ あり、テーブルセット あり（4か所）、あずまや あり（1か所）、飲み水 あり(4か所)、自動販売機 あり(2か所）",複合遊具（大型）、スプリング遊具,"整備された比較的新しい公園で、とても利用しやすいです。
駐車場の近くに遊具があり、オムツ替えシート付きのトイレも完備。視界が広く全体が見渡せるので、未就学児を遊ばせるのにおすすめです。
広場が2か所あるので、動きまわりたい子どもも目いっぱい遊べます。お昼にはお弁当を広げている家族の姿も見られます。
夏場に森の中で遊ぶ場合は虫よけ対策をしっかりしてきて下さい。
休日や平日のグラウンドゴルフ利用時は、駐車場が満車になることがあります。",浜北きらりタウン周辺には、雑貨屋、飲食店、スーパーマーケット、ホームセンターなどのお店があります。大通り沿いの歩道は広く、道路との間に植樹があるので、子どもが道路に飛び出す心配がなく安心して散歩できます。,top_yacho.jpg,osusume_yacho1.jpg,osusume_yacho2.jpg,osusume_yacho3.jpg,snap_yacho1.jpg,snap_yacho2.jpg,snap_yacho3.jpg,snap_yacho4.jpg,snap_yacho5.jpg,snap_yacho6.jpg,2015年8月,はに～,1119,https://www.hamamatsu-pippi.net/tsunagaru/koen/2014021912646/
美薗中央公園,ミソノチュウオウコウエン,4340033,浜北区,北浜,浜松市浜北区西美薗733,34.7995,137.7909,053-586-7900,http://www.hama-park.or.jp/f-kanri/f-misono/misono.html,"管理棟：午前8時30分～午後5時
テニスコート：午前9時～午後5時（5～8月は午後7時まで）",管理棟：年末年始（12/29～1/3）,"12台（駅近く）、16台（北側）、50台（東側）
土日祝のみ：60台（線路沿い）",56,,遠州鉄道美薗中央公園駅に隣接していて、電車で遊びに行ける公園です。春は桜見、夏は木陰で涼み、秋は落ち葉やどんぐり拾いなど、四季折々の楽しみがあります。わんぱく広場には、幼児から小学生までそれぞれが楽しめる、長いパイプすべり台や大きな複合遊具があります。,赤電がすぐ横を走るよ！,公園のすぐ西側で1時間に10回程度電車の往来があります。遠州鉄道美薗中央公園駅を利用し、電車に乗って遊びに来ることができます。息子は電車が通るたびに「赤い電車がきたよ！」と大喜び。電車が好きな子どもにはたまりません。,1,1,1,挑戦してみよう！わんぱく広場,わんぱく広場には、長いパイプすべり台やロープの遊具、複合遊具などがあります。複合遊具は四方に伸びるそれぞれタイプの違ったすべり台が付いていて、すべり台好きの娘は飽きることなく遊びます。他にもネットがついていたり、雲梯（うんてい）がついていたり、体を使って遊べます。3歳から6歳までの子どもには必ず大人が付き添ってくださいね。,,1,1,木々にかこまれた遊歩道,自然を感じながら、木々にかこまれた公園を散歩するのがおすすめ。ときどき休憩できる日陰やベンチがたくさんあります。レンガ敷きの散策路は、ベビーカーでのお散歩や自転車練習に最適です。管理人さんによると、レンガは夏暑くても温度が上がりにくいそうですよ。,1,1,1,1,1,1,1,,,1,,"◎施設
テニスコート4面（有料・予約制）、バスケットコート、遊び道具（バトミントン・サッカーボール・フリスビー）貸出あり
健康広場、せせらぎ広場、花見広場、どんぐりの森
◎広場
多目的広場（芝生：ボールあそび可、スポーツ可）
※ボール遊びなどをするときは、ルール・マナーを守って遊びましょう。
◎トイレ
多目的トイレ あり（3か所）、オムツ替えシート あり（管理棟内1か所）
◎休憩所
ベンチ あり（49か所）、テーブルセット あり（屋外 2か所、管理棟 8か所）、あずまや あり（5か所）、飲み水 あり（6か所）、自動販売機 あり（飲料 4台、アイス 1台）　",複合遊具、パイプすべり台、タイヤのブランコ、動く平均台、スプリング遊具、ロープの遊具、砂場,"芝が張られた多目的広場はとても広く、思いっきりボール遊びができます。平日の午前中はお年寄りのグラウンドゴルフ、夕方になると部活動・少年団の活動などに利用されています。また、気候のいい季節になると、保育園・幼稚園や小学生の遠足でにぎわっています。
せせらぎ広場のせせらぎは、通常は午前11時まで、夏休みの間は午後3時まで水を流しているそうです。夏場は上流付近で水遊びしている子どもたちでにぎやかです。
春は花見広場で桜がきれいに咲き、たくさんの親子が集まります。秋はどんぐりの森で「くぬぎ」や「こなら」など、いろいろな形や大きさのどんぐりを拾って遊べます。
園内にはウォ―キングコース、健康広場にはいろいろな健康遊具があり、パパ・ママの運動不足解消に最適です。
電車で行ける公園ですが、駐車場も充実しています。土日祝限定で線路沿いの通路に駐車することができます。駅近くの駐車場は午後5時で鍵が閉まってしまうので、明るい夏場は気をつけましょう。","浜北区の中心地にある公園です。遠州鉄道の美薗中央公園駅に隣接しています。
中学校が南側にあり、放課後には吹奏楽部・運動部の練習の音や声が聞こえてきます。二俣街道沿い駅近くにコンビニがあります。駅から西に約1km徒歩15分のところにショッピングモールがあります。",top_misono.jpg,osusume_misono1.jpg,osusume_misono2.jpg,osusume_misono3.jpg,snap_misono1.jpg,snap_misono2.jpg,snap_misono3.jpg,snap_misono4.jpg,snap_misono5.jpg,snap_misono6.jpg,2015年7月,ジュン,"1118	",https://www.hamamatsu-pippi.net/tsunagaru/koen/2014021912639/
中瀬南部緑地,ナカセナンブリョクチ,4340012,浜北区,中瀬,浜松市浜北区中瀬4486-1,34.8143,137.8194,053-588-6151,https://www.city.hamamatsu.shizuoka.jp/koen-kan/sports/nakasenanbu_ryokuti/index.html,中瀬南部緑地会館：午前9時～午後5時,中瀬南部緑地会館：月曜日、年末年始（12/29～1/3）,42台（身障者用2台含む）,60,,緑が多い自然豊かな公園です。あじさいや藤棚など四季の花々が楽しめ、夏にはカブトムシ採集、秋にはどんぐり拾いができます。見渡せる範囲に遊具や芝生広場があるので、乳幼児親子が安心して過ごせます。,あっちからもこっちからも登れる！複合遊具,階段やトンネル、チェーンや雲梯（うんてい）など、いろんな方法で遊具に登ることができます。あっちから登った子どもがこっちから顔を出したりして、ママも一緒に楽しめます。それぞれタイプの違うすべり台が四方にのびていて、コンパクトながらも飽きずに遊べますよ。,,1,1,木陰でお弁当も楽しめます,園内には緑が多く日陰がたくさんあります。日差しが強い日でも、木陰や藤棚の下、あずまやで休憩ができます。レジャーシートを持参すればピクニック気分も味わえます。テーブルは遊具や芝生広場が見渡せる場所にあるので、ママは遊ぶ子どもを見守りながらひとやすみ！,1,1,1,遊具の周りは広い砂場,広い砂場には、かわいいパンダとコアラのスプリング遊具があります。うっかり転んでしまっても砂の上なら安心です。無料貸出しの砂場セットが利用できるのはうれしいですね。,1,1,1,1,,1,,,,1,,"◎遊具
複合遊具、すべり台、ブランコ、スプリング遊具、砂場（貸出あり）
◎施設
テニスコート、ミニサッカー場、健康器具、ローラーブレードコース
中瀬南部緑地会館：浴室(有料)、会議室・和室（有料）
◎広場
芝生広場（ボールあそび可）
※ボール遊びなどをするときは、ルール・マナーを守って遊びましょう。
◎トイレ
多目的トイレ あり（1か所）、オムツ替えシート なし
◎休憩所
テーブルセット あり（5か所）、あずまや あり（1か所）、飲み水 あり（2か所）、自動販売機 あり（1か所）",,"乳幼児連れは、平日の午前中がゆったり遊べておすすめです。駐車スペースが広いのでとても便利です。
ミニサッカー場の横にあるローラーブレードコースは、自転車の練習場に最適です。週末には、自転車初心者の子どもがパパと一緒に頑張っているほほえましい姿が見られます。
週末、大人のグループがテニスコートやミニサッカー場を利用し、駐車場が込み合うことがあります。
駐車場の脇、トイレの横に自動販売機があります。
公園内にある「中瀬南部緑地会館」には浴室があり、幼児は無料で利用できます。冷暖房完備の広い和室（有料）もあわせて利用すれば、赤ちゃん連れやグループでの利用など、公園の活用方法が広がります。","笠井街道から浜北大橋を目指して向かい、川を渡る手前を左折、浜北清掃センターの隣にあります。天竜川のほとり、自然豊かな地域です。
自動販売機で飲料は購入できますが、お弁当などを買えるお店が近くにはないので、持参しましょう。車で5分程の場所にコンビニがあります。",top_nakazenanbu.jpg,osusume1_nakazenanbu.jpg,osusume2_nakazenanbu.jpg,osusume3_nakazenanbu.jpg,snap1_nakazenanbu.jpg,snap2_nakazenanbu.jpg,snap3_nakazenanbu.jpg,snap4_nakazenanbu.jpg,snap5_nakazenanbu.jpg,snap6_nakazenanbu.jpg,2015年7月,みきこ,1290,https://www.hamamatsu-pippi.net/tsunagaru/koen/2015091400194/