新サイト第一階層,第二階層,第三階層,第四階層,,移行区分,フォルダー名,現URL,問区,問市,妊娠,赤,1,2,3,4,5,小学,障が,ひとり,未熟児,多胎児,引越し,働く,子育てを支援する,中,東,西,南,北,浜北,天竜,
知りたい（shiritai）,,,,,フォルダー,shiritai,,,,,,,,,,,,,,,,,,,,,,,,,,
,妊娠・妊婦健診（nin_kenshin）,,,,フォルダー,shiritai/nin_kenshin,https://www.hamamatsu-pippi.net/bunya/nin_kenshin/,　,健康増進課　,,,,,,,,,,,,,,,,,,,,,,,
,,母子健康手帳交付と出産(nin_techo),,,フォルダー,shiritai/nin_kenshin/nin_techo,,,健康増進課　,,,,,,,,,,,,,,,,,,,,,,,
,,,母子健康手帳の交付,,記事ページ,,https://www.hamamatsu-pippi.net/docs/2014021901534/,その他,健康増進課　,●,,,,,,,,,,,,,,,,,,,,,,
,,,産婦人科と助産所の違い,,記事ページ,,https://www.hamamatsu-pippi.net/docs/2014021900537/,　,健康増進課　,●,,,,,,,,,,,,,,,,,,,,,,
,,,助産所,,記事ページ,,https://www.hamamatsu-pippi.net/docs/2014021900544/,　,健康増進課　,●,,,,,,,,,,,,,,,,,,,,,,
,,妊婦健診(nin_kenshin),,,フォルダー,shiritai/nin_kenshin/nin_kenshin,,,健康増進課　,,,,,,,,,,,,,,,,,,,,,,,
,,,妊婦の分娩前PCR検査について,,記事ページ,,https://www.hamamatsu-pippi.net/docs/2020100200054/,　,健康増進課　,●,,,,,,,,,,,,,,,,,,,,,,
,,,新型コロナウイルスに感染した妊産婦の方へ,,記事ページ,,https://www.hamamatsu-pippi.net/docs/2021020200056/,　,健康増進課　,●,,,,,,,,,,,,,,,,,,,,,,
,,,妊婦健康診査（受診券について）,,記事ページ,,https://www.hamamatsu-pippi.net/docs/2014021900551/,健康　他,健康増進課　,●,,,,,,,,,,,,,,,,,,,,,,
,,,妊婦健康診査受診票を利用できる委託機関一覧,,データベース,,https://www.hamamatsu-pippi.net/itaku_nin/,　,健康増進課　,●,,,,,,,,,,,,,,,●,●,●,●,●,●,●,
,,,妊婦健康診査受診票（多胎妊婦用）の追加交付について,,記事ページ,,https://www.hamamatsu-pippi.net/docs/2014021900575/,　,健康増進課　,●,,,,,,,,,,,●,,,,,,,,,,,
,,,妊婦歯科健康診査,,記事ページ,,https://www.hamamatsu-pippi.net/docs/2014021900582/,健康　他,健康増進課　口腔保健医療センター,●,,,,,,,,,,,,,,,,,,,,,,
,,,妊婦の歯科健康診査　委託医療機関一覧,,データベース,,https://www.hamamatsu-pippi.net/itaku_shika/,　,健康増進課　口腔保健医療センター,　,　,,,,,,,,,,,,,,●,●,●,●,●,●,●,
,,,里帰り出産等での妊婦健康診査費用の助成について,,記事ページ,,https://www.hamamatsu-pippi.net/docs/2014021900599/,健康　母子,健康増進課　,●,,,,,,,,,,,,,,,,,,,,,,
,,,産婦健康診査,,記事ページ,,https://www.hamamatsu-pippi.net/docs/2018030800109/,健康　母子,健康増進課　,●,,,,,,,,,,,,,,,,,,,,,,
,,妊娠中のからだの変化と生活（nin_karada）,,,フォルダー,shiritai/nin_kenshin/nin_karada,https://www.hamamatsu-pippi.net/bunya/nin_karada/,　,健康増進課　,,,,,,,,,,,,,,,,,,,,,,,
,,,妊娠中のからだの変化,,記事ページ,,https://www.hamamatsu-pippi.net/docs/2014021900605/,　,健康増進課　,●,,,,,,,,,,,,,,,,,,,,,,
,,,妊娠中に気をつけること（妊娠初期）,,記事ページ,,https://www.hamamatsu-pippi.net/docs/2014021900612/,　,健康増進課　,●,,,,,,,,,,,,,,,,,,,,,,
,,,妊娠中に気をつけること（妊娠中期）,,記事ページ,,https://www.hamamatsu-pippi.net/docs/2014021900629/,　,健康増進課　,●,,,,,,,,,,,,,,,,,,,,,,
,,,妊娠中に気をつけること（妊娠後期）,,記事ページ,,https://www.hamamatsu-pippi.net/docs/2014021900636/,　,健康増進課　,●,,,,,,,,,,,,,,,,,,,,,,
,,,妊娠中の食事について,,記事ページ,,https://www.hamamatsu-pippi.net/docs/2014021900643/,　,健康増進課　,●,,,,,,,,,,,,,,,,,,,,,,
,,,妊娠中の体重管理,,記事ページ,,https://www.hamamatsu-pippi.net/docs/2014021900650/,　,健康増進課　,●,,,,,,,,,,,,,,,,,,,,,,
,,,出産の兆候とお産の始まり,,記事ページ,,https://www.hamamatsu-pippi.net/docs/2014021900674/,　,健康増進課　,●,,,,,,,,,,,,,,,,,,,,,,
,,,マタニティマーク,,記事ページ,,https://www.hamamatsu-pippi.net/docs/2014021901541/,　,健康増進課　,●,,,,,,,,,,,,,,,,,,,,,,
,病気・けが・発達（byokikega）,,,,フォルダー,shiritai/byokikega,https://www.hamamatsu-pippi.net/bunya/byokikega/,　,,,,,,,,,,,,,,,,,,,,,,,,
,,病気・けがの緊急連絡先,,,記事ページ,,https://www.hamamatsu-pippi.net/docs/2014021900681/,　,健康増進課　,,●,●,●,●,●,●,●,,,,,,,,,,,,,,,
,,気をつけたい子どもの病気やけが(sick),,,フォルダー,shiritai/byokikega/sick,,,,,,,,,,,,,,,,,,,,,,,,,,
,,,乳幼児突然死症候群（SIDS）防ぐために,,記事ページ,,https://www.hamamatsu-pippi.net/docs/2014021900698/,　,健康増進課　,,●,,,,,,,,,,,,,,,,,,,,,
,,,胆道閉鎖症の早期発見のために,,記事ページ,,https://www.hamamatsu-pippi.net/docs/2014021900704/,健康　他,健康増進課　,,●,,,,,,,,,,,,,,,,,,,,,
,,,子どものインフルエンザ対策,,記事ページ,,https://www.hamamatsu-pippi.net/docs/2014021900711/,　,健康増進課　,,●,●,●,●,●,●,●,,,,,,,,,,,,,,,
,,,出席停止となる感染症,,記事ページ,,https://www.hamamatsu-pippi.net/docs/2014021900728/,　,教育委員会 健康安全課,,,●,●,●,●,●,●,,,,,,,,,,,,,,,
,,子どもの発育・発達(hattatsu),,,フォルダー,shiritai/byokikega/hattatsu,,,,,,,,,,,,,,,,,,,,,,,,,,
,,,1か月頃の発育・発達,新規ページ作成済,新設,,https://dev-pippi.web-tips.co.jp/docs/4799.html,　,子育て支援課　,,●,,,,,,,,,,,,,,,,,,,,,
,,,4か月頃の発育・発達,新規ページ作成済,新設,,https://dev-pippi.web-tips.co.jp/docs/1175.html,　,子育て支援課　,,●,,,,,,,,,,,,,,,,,,,,,
,,,6か月頃の発育・発達,新規ページ作成済,新設,,https://dev-pippi.web-tips.co.jp/docs/4800.html,　,子育て支援課　,,●,,,,,,,,,,,,,,,,,,,,,
,,,10か月頃の発育・発達,新規ページ作成済,新設,,https://dev-pippi.web-tips.co.jp/docs/4801.html,　,子育て支援課　,,●,,,,,,,,,,,,,,,,,,,,,
,,,1歳頃の発育・発達,新規ページ作成済,新設,,https://dev-pippi.web-tips.co.jp/docs/4802.html,　,子育て支援課　,,,●,,,,,,,,,,,,,,,,,,,,
,,,1歳6か月頃の発育・発達,新規ページ作成済,新設,,https://dev-pippi.web-tips.co.jp/docs/4803.html,　,子育て支援課　,,,●,,,,,,,,,,,,,,,,,,,,
,,,2歳頃の発育・発達,新規ページ作成済,新設,,https://dev-pippi.web-tips.co.jp/docs/4804.html,　,子育て支援課　,,,,●,,,,,,,,,,,,,,,,,,,
,,,3歳頃の発育・発達,新規ページ作成済,新設,,https://dev-pippi.web-tips.co.jp/docs/4805.html,　,子育て支援課　,,,,,●,,,,,,,,,,,,,,,,,,
,,,4歳頃の発育・発達,新規ページ作成済,新設,,https://dev-pippi.web-tips.co.jp/docs/4806.html,　,子育て支援課　,,,,,,●,,,,,,,,,,,,,,,,,
,,,5歳頃の発育・発達,新規ページ作成済,新設,,https://dev-pippi.web-tips.co.jp/docs/4894.html,　,子育て支援課　,,,,,,,●,,,,,,,,,,,,,,,,
,,,6歳頃の発育・発達,新規ページ作成済,新設,,https://dev-pippi.web-tips.co.jp/docs/4895.html,　,子育て支援課　,,,,,,,,●,,,,,,,,,,,,,,,
,健診・予防接種(kenshin_yobo),,,,フォルダー,shiritai/kenshin_yobo,,,,,,,,,,,,,,,,,,,,,,,,,,
,,子どもの健康診査(kodo_kenshin),,,フォルダー,shiritai/kenshin_yobo/kodo_kenshin,https://www.hamamatsu-pippi.net/bunya/kodo_kenshin/,　,健康増進課　,,,,,,,,,,,,,,,,,,,,,,,
,,,新生児聴覚スクリーニング検査,,記事ページ,,https://www.hamamatsu-pippi.net/docs/2018030800093/,健康　母子,健康増進課　,,●,,,,,,,,,,,,,,,,,,,,,
,,,こんにちは赤ちゃん（新生児訪問）事業,,記事ページ,,https://www.hamamatsu-pippi.net/docs/2014021900735/,健康　母子,健康増進課　,,●,,,,,,,,,,,,,,,,,,,,,
,,,4か月児健康診査,,記事ページ,,https://www.hamamatsu-pippi.net/docs/2014022500149/,健康　母子,健康増進課　,,●,,,,,,,,,,,,,,,,,,,,,
,,,10か月児健康診査,,記事ページ,,https://www.hamamatsu-pippi.net/docs/2014022600016/,健康　母子,健康増進課　,,●,,,,,,,,,,,,,,,,,,,,,
,,,乳児健康診査　委託医療機関一覧（旧：赤ちゃんの）,,データベース,,https://www.hamamatsu-pippi.net/itaku_aka/,　,健康増進課　,,●,,,,,,,,,,,,,,●,●,●,●,●,●,●,
,,,1歳6か月児健康診査 (一般・歯科),,記事ページ,,https://www.hamamatsu-pippi.net/docs/2014022100028/,健康　母子,健康増進課　,,,●,,,,,,,,,,,,,,,,,,,,
,,,2歳児歯科健康診査,,記事ページ,,https://www.hamamatsu-pippi.net/docs/2014022100035/,健康　他,健康増進課　口腔保健医療センター,,,●,,,,,,,,,,,,,,,,,,,,
,,,歯科健診・歯科相談の日程,,記事ページ,,https://www.hamamatsu-pippi.net/docs/2017042800022/,中区　歯の健康センター,健康増進課　口腔保健医療センター,,,●,●,,,,,,,,,,,,,,,,,,,
,,,歯科健診・歯科相談の日程（中区）,,記事ページ,,https://www.hamamatsu-pippi.net/docs/2014021900803/,中区　歯の健康センター,健康増進課　口腔保健医療センター,,,,,,,,,,,,,,,,●,,,,,,,
,,,歯科健診・歯科相談の日程（東区),,記事ページ,,https://www.hamamatsu-pippi.net/docs/2014021900810/,東区　健康づくり課,健康増進課　口腔保健医療センター,,,,,,,,,,,,,,,,,●,,,,,,
,,,歯科健診・歯科相談の日程（西区),,記事ページ,,https://www.hamamatsu-pippi.net/docs/2014021900827/,西区　健康づくり課,健康増進課　口腔保健医療センター,,,,,,,,,,,,,,,,,,●,,,,,
,,,歯科健診・歯科相談の日程（南区）,,記事ページ,,https://www.hamamatsu-pippi.net/docs/2014021900834/,南区　健康づくり課,健康増進課　口腔保健医療センター,,,,,,,,,,,,,,,,,,,●,,,,
,,,歯科健診・歯科相談の日程（北区）,,記事ページ,,https://www.hamamatsu-pippi.net/docs/2014021900841/,北区　引佐健康センター,健康増進課　口腔保健医療センター,,,,,,,,,,,,,,,,,,,,●,,,
,,,歯科健診・歯科相談の日程（浜北区）,,記事ページ,,https://www.hamamatsu-pippi.net/docs/2014021900858/,浜北区　浜北保健センター,健康増進課　口腔保健医療センター,,,,,,,,,,,,,,,,,,,,,●,,
,,,歯科健診・歯科相談の日程（天竜区）,,記事ページ,,https://www.hamamatsu-pippi.net/docs/2014021900865/,天竜区　健康づくり課,健康増進課　口腔保健医療センター,,,,,,,,,,,,,,,,,,,,,,●,
,,,3歳児健康診査,,記事ページ,,https://www.hamamatsu-pippi.net/docs/2014022100042/,健康　母子,健康増進課　,,,,,●,,,,,,,,,,,,,,,,,,
,,,3歳児健康診査　委託医療機関一覧,,データベース,,https://www.hamamatsu-pippi.net/itaku_san/,　,健康増進課　,,,,,●,,,,,,,,,,,●,●,●,●,●,●,●,
,,,就学時健康診断　,,記事ページ,,https://www.hamamatsu-pippi.net/docs/2014021900766/,　,教育委員会 健康安全課,,,,,,,,●,,,,,,,,,,,,,,,
,,,転入した時の妊婦健康診査・乳児健康診査受診票等の交付について,,記事ページ,,https://www.hamamatsu-pippi.net/docs/2014021900773/,健康　母子,健康増進課　,●,●,,,,,,,,,,,●,,,,,,,,,,
,,,転入した時の1歳6か月児健康診査,,記事ページ,,https://www.hamamatsu-pippi.net/docs/2014021900780/,健康　母子,健康増進課　,,,●,,,,,,,,,,●,,,,,,,,,,
,,,転入した時の3歳児健康診査,,記事ページ,,https://www.hamamatsu-pippi.net/docs/2014021900797/,健康　母子,健康増進課　,,,,,●,,,,,,,,●,,,,,,,,,,
,,予防接種(yobo),,,フォルダー,shiritai/kenshin_yobo/yobo,https://www.hamamatsu-pippi.net/bunya/yobo/,　,　,,,,,,,,,,,,,,,,,,,,,,,
,,,予防接種とは,,記事ページ,,https://www.hamamatsu-pippi.net/docs/2014021900872/,健康　予防,健康増進課　,,●,●,●,●,●,●,●,,,,,,,,,,,,,,,
,,,予防接種　委託医療機関一覧（※乳幼児・学童期合併）,,データベース,,https://www.hamamatsu-pippi.net/itaku_yobou/、https://www.hamamatsu-pippi.net/itaku_gaku/,　,健康増進課　,,●,●,●,●,●,●,●,,,,,,,,●,●,●,●,●,●,●,
,,,定期予防接種と任意予防接種の違い,,記事ページ,,https://www.hamamatsu-pippi.net/docs/2020032400072/,　,健康増進課　,,,,,,,,,,,,,,,,,,,,,,,
,,,予防接種の種類とスケジュール,,記事ページ,,https://www.hamamatsu-pippi.net/docs/2014021900889/,健康　予防,健康増進課　,,●,●,,●,,,●,,,,,,,,,,,,,,,
,,,ロタウイルス（令和2年10月1日から定期予防接種）,,記事ページ,,https://www.hamamatsu-pippi.net/docs/2020070900053/,健康　予防,健康増進課　,,●,,,,,,,,,,,,,,,,,,,,,
,,,ヒブ（インフルエンザ菌b型）,,記事ページ,,https://www.hamamatsu-pippi.net/docs/2014021900896/,健康　予防,健康増進課　,,●,,,,,,,,,,,,,,,,,,,,,
,,,小児用肺炎球菌,,記事ページ,,https://www.hamamatsu-pippi.net/docs/2014021900902/,健康　予防,健康増進課　,,●,,,,,,,,,,,,,,,,,,,,,
,,,B型肝炎,,記事ページ,,https://www.hamamatsu-pippi.net/docs/2015081000038/,健康　予防,健康増進課　,,●,,,,,,,,,,,,,,,,,,,,,
,,,4種混合,,記事ページ,,https://www.hamamatsu-pippi.net/docs/2014021900919/,健康　予防,健康増進課　,,●,●,,,,,,,,,,,,,,,,,,,,
,,,BCG,,記事ページ,,https://www.hamamatsu-pippi.net/docs/2014021900926/,健康　予防,健康増進課　,,●,,,,,,,,,,,,,,,,,,,,,
,,,麻しん・風しん混合　第1期　,,記事ページ,,https://www.hamamatsu-pippi.net/docs/2014021900933/,健康　予防,健康増進課　,,,●,,,,,,,,,,,,,,,,,,,,
,,,麻しん・風しん混合　第2期,,記事ページ,,https://www.hamamatsu-pippi.net/docs/2014021900940/,健康　予防,健康増進課　,,,,,,,,●,,,,,,,,,,,,,,,
,,,水痘（水ぼうそう）,,記事ページ,,https://www.hamamatsu-pippi.net/docs/2014072800107/,健康　予防,健康増進課　,,,●,,●,,,,,,,,,,,,,,,,,,
,,,日本脳炎,,記事ページ,,https://www.hamamatsu-pippi.net/docs/2014021900957/,健康　予防,健康増進課　,,,,,●,,,●,,,,,,,,,,,,,,,
,,,日本脳炎予防接種の特例について,,記事ページ,,https://www.hamamatsu-pippi.net/docs/2014030500025/,健康　予防,健康増進課　,,,,,,,,,,,,,,,,,,,,,,,
,,,ジフテリア・破傷風混合　第2期,,記事ページ,,https://www.hamamatsu-pippi.net/docs/2014051600032/,健康　予防,健康増進課　,,●,,,,,,,,,,,,,,,,,,,,,
,,,子宮頸がん予防,,記事ページ,,https://www.hamamatsu-pippi.net/docs/2014021900964/,健康　予防,健康増進課　,,,,,,,,●,,,,,,,,,,,,,,,
,,,ポリオ,,記事ページ,,https://www.hamamatsu-pippi.net/docs/2014021900971/,健康　予防,健康増進課　,,,,,,,,,,,,,,,,,,,,,,,
,,,予防接種を浜松市で受けられない場合,,記事ページ,,https://www.hamamatsu-pippi.net/docs/2014021900995/,健康　予防,健康増進課　,,,,,,,,,,,,,,,,,,,,,,,
,,,海外赴任などで外国語の予防接種証明書を必要とするときは,,記事ページ,,https://www.hamamatsu-pippi.net/docs/2014021900988/,健康　予防,健康増進課　,,,,,,,,,,,,,,,,,,,,,,,
,,,特別な理由によって予防接種を再接種するときは,,記事ページ,,https://www.hamamatsu-pippi.net/docs/2018032300058/,健康　予防,健康増進課　,,,,,,,,,,,,,,,,,,,,,,,
,保育園・幼稚園・こども園(yoho),,,,フォルダー,shiritai/yoho,,　,,,,,,,,,,,,,,,,,,,,,,,,
,,子どもの預け先 (※旧：子どもの預け先と認定区分（azukesaki）,,,フォルダー,shiritai/yoho/azukesaki,https://www.hamamatsu-pippi.net/bunya/shinseido/,　,　,,,,,,,,,,,,,,,,,,,,,,,
,,,認可外保育施設（認可と認可外の違い）,,記事ページ,,https://www.hamamatsu-pippi.net/docs/2018013000069/,　,幼児教育・保育課,,,,,,,,,,,,,,,,,,,,,,,
,,,認定こども園・幼稚園・保育園の違い,,記事ページ,,https://www.hamamatsu-pippi.net/docs/2015022500016/,　,幼児教育・保育課,,,,,,,,,,,,,,,,,,,,,,,
,,,給付と子どもの認定区分,,記事ページ,,https://www.hamamatsu-pippi.net/docs/2014082900026/,社福　保育,幼児教育・保育課,,,,,,,,,,,,,,,,,,,,,,,
,,,保育施設の種類,,記事ページ,,https://www.hamamatsu-pippi.net/docs/2014021901077/,　,幼児教育・保育課,,,,,,,,,,,,,,,,,,,,,,,
,,,令和4年度に新規開設・移行する認可保育施設,,記事ページ,,https://www.hamamatsu-pippi.net/docs/2019091400024/,　,幼児教育・保育課,,,,,,,,,,,,,,,,,,,,,,,
,,,令和3年度に幼稚園機能の募集を開始する認定こども園,,記事ページ,,https://www.hamamatsu-pippi.net/docs/2019091400031/,　,幼児教育・保育課,,,,,,,,,,,,,,,,,,,,,,,
,,,令和3年度に新制度に移行する幼稚園,,記事ページ,,https://www.hamamatsu-pippi.net/docs/2019091700025/,　,幼児教育・保育課,,,,,,,,,,,,,,,,,,,,,,,
,,,子どもの預け先選びフローチャート,,記事ページ,,https://www.hamamatsu-pippi.net/docs/2017092100295/,　,幼児教育・保育課,,,,,,,,,,,,,,,,,,,,,,,
,,,よい保育施設の選び方　十か条,,記事ページ,,https://www.hamamatsu-pippi.net/docs/2014021901152/,　,幼児教育・保育課,,,,,,,,,,,,,,,,,,,,,,,
,,幼児教室・保育の無償化（mushoka）,,,フォルダー,shiritai/yoho/mushoka,https://www.hamamatsu-pippi.net/bunya/mushoka/,　,幼児教育・保育課,,,,,,,,,,,,,,,,,,,,,,,
,,,幼児教育・保育の無償化について,,記事ページ,,https://www.hamamatsu-pippi.net/docs/2019061400221/,　,幼児教育・保育課,,,,,,,,,,,,,,,,,,,,,,,
,,,幼児教育・保育の無償化対象施設一覧（公示）,,記事ページ,,https://www.hamamatsu-pippi.net/docs/2019093000185/,　,幼児教育・保育課,,,,,,,,,,,,,,,,,,,,,,,
,,,認可外保育施設等の無償化について,,記事ページ,,https://www.hamamatsu-pippi.net/docs/2019082900014/,　,幼児教育・保育課,,,,,,,,,,,,,,,,,,,,,,,
,,,私立幼稚園（従来型）入園料の無償化について,,記事ページ,,https://www.hamamatsu-pippi.net/docs/2019091100313/,　,幼児教育・保育課,,,,,,,,,,,,,,,,,,,,,,,
,,,幼稚園等の預かり保育の無償化について,,記事ページ,,https://www.hamamatsu-pippi.net/docs/2019082600150/,　,幼児教育・保育課,,,,,,,,,,,,,,,,,,,,,,,
,,,無償化による給食費や副食費の取り扱いについて,,記事ページ,,https://www.hamamatsu-pippi.net/docs/2019082600198/,　,幼児教育・保育課,,,,,,,,,,,,,,,,,,,,,,,
,,認可保育施設の利用手続き（nintei）,,,フォルダー,shiritai/yoho/nintei,https://www.hamamatsu-pippi.net/bunya/nintei/,　,　,,,,,,,,,,,,,,,,,,,,,,,
,,,保育施設入園の募集数と申込状況,,記事ページ,,https://www.hamamatsu-pippi.net/docs/2016122400305/,　,幼児教育・保育課,,,,,,,,,,,,,,,,,,,,,,,
,,,保育施設入園申込みと必要書類,,記事ページ,,https://www.hamamatsu-pippi.net/docs/2015032700079/,社福　保育,幼児教育・保育課,,,,,,,,,,,,,,,,,,,,,,,
,,,保育施設入園までの流れ・手続き,,記事ページ,,https://www.hamamatsu-pippi.net/docs/2014021901121/,社福　保育,幼児教育・保育課,,,,,,,,,,,,,,,,,,,,,,,
,,,新年度(4月)からの保育施設入園の申込み,,記事ページ,,https://www.hamamatsu-pippi.net/docs/2015041700015/,社福　保育,幼児教育・保育課,,,,,,,,,,,,,,,,,,,,,,,
,,,年度途中の保育施設入園の申込み,,記事ページ,,https://www.hamamatsu-pippi.net/docs/2015102600063/,社福　保育,幼児教育・保育課,,,,,,,,,,,,,,,,,,,,,,,
,,,保育施設の入園申込みの電子申請,,記事ページ,,https://www.hamamatsu-pippi.net/docs/2018032200419/,社福　保育,幼児教育・保育課,,,,,,,,,,,,,,,,,,,,,,,
,,,保育施設入園の利用調整（選考）基準,,記事ページ,,https://www.hamamatsu-pippi.net/docs/2016061600033/,社福　保育,幼児教育・保育課,,,,,,,,,,,,,,,,,,,,,,,
,,,保育園等の保育料（2号・3号認定）,,記事ページ,,https://www.hamamatsu-pippi.net/docs/2015021900114/,社福　保育,健康増進課　,,,,,,,,,,,,,,,,,,,,,,,
,,,認可保育施設在園中の手続き・届出,,記事ページ,,https://www.hamamatsu-pippi.net/docs/2020091100029/,社福　保育,幼児教育・保育課,,,,,,,,,,,,,,,,,,,,,,,
,,,認可保育施設の転園・退園,,記事ページ,,https://www.hamamatsu-pippi.net/docs/2014021901220/,社福　保育,幼児教育・保育課,,,,,,,,,,,,,●,,,,,,,,,,
,,認定こども園・認可保育施設（hoikuen）,,,フォルダー,shiritai/yoho/hoikuen,https://www.hamamatsu-pippi.net/bunya/kodomoen/,　,　,,,,,,,,,,,,,,,,,,,,,,,
,,,認定こども園,,記事ページ,,https://www.hamamatsu-pippi.net/docs/2014021901091/,社福　保育,幼児教育・保育課,,●,●,●,●,●,●,,,,,,,●,,,,,,,,,
,,,認定こども園一覧（保育所機能と幼稚園機能をタブで切り替える）,,データベース,,"https://www.hamamatsu-pippi.net/shiritai/kodomoen_ho/,https://www.hamamatsu-pippi.net/shiritai/kodomoen_yo/",社福　保育,幼児教育・保育課,,●,●,●,●,●,●,,,,,,,●,,●,●,●,●,●,●,●,
,,,認可保育園,,記事ページ,,https://www.hamamatsu-pippi.net/docs/2014021901107/,社福　保育,幼児教育・保育課,,●,●,●,●,●,●,,,,,,,●,,,,,,,,,
,,,認可保育園一覧,,データベース,,https://www.hamamatsu-pippi.net/shiritai/ninkahoikuen/,　,幼児教育・保育課,,●,●,●,●,●,●,,,,,,,,,●,●,●,●,●,●,●,
,,,小規模事業所,,記事ページ,,https://www.hamamatsu-pippi.net/docs/2015022600020/,社福　保育,幼児教育・保育課,,●,●,●,,,,,,,,,,●,,,,,,,,,
,,,小規模事業所一覧,,データベース,,https://www.hamamatsu-pippi.net/shiritai/chi_sho/,　,幼児教育・保育課,,,,,,,,,,,,,,,,●,●,●,●,●,●,●,
,,,事業所内託児所,,記事ページ,,https://www.hamamatsu-pippi.net/docs/2015022600037/,社福　保育,幼児教育・保育課,,●,●,●,,,,,,,,,,●,,,,,,,,,
,,,事業所内託児所一覧,,データベース,,https://www.hamamatsu-pippi.net/shiritai/chi_jigyo/,　,幼児教育・保育課,,,,,,,,,,,,,,,,●,●,●,●,●,●,●,
,,,休日保育,,記事ページ,,https://www.hamamatsu-pippi.net/docs/2014021901169/,　,幼児教育・保育課,,,,,,,,,,,,,,●,,,,,,,,,
,,,待機児童と保育施設の整備について,,記事ページ,,https://www.hamamatsu-pippi.net/docs/2014021901145/,　,幼児教育・保育課,,,,,,,,,,,,,,,,,,,,,,,
,,認証保育所・認可外保育施設（ninkagai）,,,フォルダー,shiritai/yoho/ninkagai,https://www.hamamatsu-pippi.net/bunya/ninkagai/,　,　,,,,,,,,,,,,,,,,,,,,,,,
,,,認証保育所,,記事ページ,,https://www.hamamatsu-pippi.net/docs/2014021901183/,　,幼児教育・保育課,,●,●,●,●,●,●,,,,,,,●,,,,,,,,,
,,,認証保育所一覧,,データベース,,https://www.hamamatsu-pippi.net/shiritai/ninshohoikujo/,　,幼児教育・保育課,,,,,,,,,,,,,,,,●,●,●,●,●,●,●,
,,,企業主導型保育事業,,記事ページ,,https://www.hamamatsu-pippi.net/docs/2016111800031/,　,幼児教育・保育課,,●,●,●,●,●,●,,,,,,,,,,,,,,,,
,,,企業主導型保育事業所一覧,,データベース,,https://www.hamamatsu-pippi.net/shiritai/ninkagai_kigyo/,　,幼児教育・保育課,,,,,,,,,,,,,,,,●,●,●,●,●,●,●,
,,,認可外保育所一覧,,データベース,,https://www.hamamatsu-pippi.net/shiritai/ninkagai/,　,幼児教育・保育課,,,,,,,,,,,,,,,,,,,,,,,
,,,外国人向け認可外保育施設一覧,,データベース,,https://www.hamamatsu-pippi.net/shiritai/gaikoku/,　,幼児教育・保育課,,,,,,,,,,,,,,,,,,,,,,,
,,,浜松市認証保育所利用者補助金(手当ページにも分類）,,記事ページ,,https://www.hamamatsu-pippi.net/docs/2014021901954/,　,幼児教育・保育課,,,,,,,,,,,,,,,,,,,,,,,
,,幼稚園(yochien),,,フォルダー,shiritai/yoho/yochien,https://www.hamamatsu-pippi.net/bunya/yochien/,　,　,,,,,,,,,,,,,,,,,,,,,,,
,,,幼稚園,,記事ページ,,https://www.hamamatsu-pippi.net/docs/2014021901251/,　,幼児教育・保育課,,,,●,●,●,●,,,,,,,,,,,,,,,,
,,,公立幼稚園一覧,,データベース,,https://www.hamamatsu-pippi.net/shiritai/you_koritsu/,　,幼児教育・保育課,,,,,,,,,,,,,,,,,,,,,,,
,,,私立幼稚園一覧（※従来型も合併）,,データベース,,https://www.hamamatsu-pippi.net/shiritai/you_shiritsu/,　,幼児教育・保育課,,,,,,,,,,,,,,,,,,,,,,,
,,,幼稚園等入園までの流れ・手続き,,記事ページ,,https://www.hamamatsu-pippi.net/docs/2014021901275/,社福　保育,幼児教育・保育課,,,,,,,,,,,,,,,,,,,,,,,
,,,幼稚園等の保育料（1号認定）,,記事ページ,,https://www.hamamatsu-pippi.net/docs/2015022500085/,社福　保育,幼児教育・保育課,,,,,,,,,,,,,,,,,,,,,,,
,,,幼稚園の預かり保育(延長保育）,,記事ページ,,https://www.hamamatsu-pippi.net/docs/2014021901282/,　,幼児教育・保育課,,,,,,,,,,,,,,●,,,,,,,,,
,,,私立幼稚園の2歳児預かり,,記事ページ,,https://www.hamamatsu-pippi.net/docs/2018102500012/,　,幼児教育・保育課,,,●,●,,,,,,,,,,,,,,,,,,,
,,,浜松市立幼稚園「発達支援の部屋」,,記事ページ,,https://www.hamamatsu-pippi.net/docs/2016082600036/,　,幼児教育・保育課,,,,,,,,,,,,,,,,,,,,,,,
,,,私立幼稚園の子育て支援一覧,,記事ページ,,https://www.hamamatsu-pippi.net/docs/2016091500112/,　,幼児教育・保育課,,,,,,,,,,,,,,,,,,,,,,,
,,,私立幼稚園の子育て支援カレンダー,,記事ページ,,https://www.hamamatsu-pippi.net/docs/2015042200033/,　,NPO法人はままつ子育てネットワークぴっぴ,,,●,●,,,,,,,,,,,,,,,,,,,
,一時的な子どもの預け先(ichiji_hoiku),,,,フォルダー,shiritai/ichiji_hoiku,,,,,,,,,,,,,,,,,,,,,,,,,,
,,一時預かり保育（ichijiazukari),,,フォルダー,shiritai/ichiji_hoiku/ichijiazukari,https://www.hamamatsu-pippi.net/bunya/ichiji_hoiku/,　,幼児教育・保育課,,,,,,,,,,,,,,,,,,,,,,,
,,,子どもを一時的に預けることができるサービス,,記事ページ,,https://www.hamamatsu-pippi.net/docs/2014022600313/,　,NPO法人はままつ子育てネットワークぴっぴ,,●,●,●,●,●,●,,,,,●,,,,,,,,,,,
,,,認定こども園・認可保育園の一時預かり事業（一時保育）,,記事ページ,,https://www.hamamatsu-pippi.net/docs/2014021901169/,　,幼児教育・保育課,,●,●,,,,,,,,,,,●,,,,,,,,,
,,,地域型保育事業・認可外保育施設の一時預かり事業（一時保育）※ODになるか？,,記事ページ,,https://www.hamamatsu-pippi.net/docs/2021032400284/,　,幼児教育・保育課,,,,,,,,,,,,,,●,,,,,,,,,
,,,公立保育園　一時預かり事業（一時保育） 利用空き状況※オープンデータになるか？,,記事ページ,,https://www.hamamatsu-pippi.net/docs/2021111100173/,　,,,,,,,,,,,,,,,,,,,,,,,,
,,,ベビーシッター,,記事ページ,,https://www.hamamatsu-pippi.net/docs/2014021901299/,　,NPO法人はままつ子育てネットワークぴっぴ,,●,●,●,●,●,●,,,,,,,,,,,,,,,,
,,,保育ママ,,記事ページ,,https://www.hamamatsu-pippi.net/docs/2014021901305/,その他,幼児教育・保育課,,,,,,,,,,,,,,,,,,,,,,●,
,,ファミリー・サポート・センター(famisapo),,,フォルダー,shiritai/ichiji_hoiku/famisapo,https://www.hamamatsu-pippi.net/bunya/famisapo/,　,ファミリーサポートセンター,,,,,,,,,,,,,,,,,,,,,,,
,,,ファミリー・サポート・センターとは,,記事ページ,shiritai/ichiji_hoiku,https://www.hamamatsu-pippi.net/docs/2014021901312/,　,ファミリーサポートセンター,,●,●,●,●,●,●,●,,,,,,●,,,,,,,,,
,,,ファミリーサポート利用の流れ,,記事ページ,,https://www.hamamatsu-pippi.net/docs/2014021901374/,　,ファミリーサポートセンター,,,,,,,,,,,,,,,,,,,,,,,
,,,おねがい会員として登録するには,,記事ページ,,https://www.hamamatsu-pippi.net/docs/2014021901329/,　,ファミリーサポートセンター,,,,,,,,,,,,,,,,,,,,,,,
,,,まかせて会員・どっちも会員として登録するには,,記事ページ,,https://www.hamamatsu-pippi.net/docs/2014021901336/,　,ファミリーサポートセンター,,,,,,,,,,,,,,,,,,,,,,,
,,,まかせて会員・どっちも会員 講習会のお知らせ,,記事ページ,,https://www.hamamatsu-pippi.net/docs/2014021901343/,　,ファミリーサポートセンター,,,,,,,,,,,,,,,,,,,,,,,
,,,フォローアップ講習会のお知らせ,,記事ページ,,https://www.hamamatsu-pippi.net/docs/2014021901350/,　,ファミリーサポートセンター,,,,,,,,,,,,,,,,,,,,,,,
,,,スキルアップ講習会のお知らせ,,記事ページ,,https://www.hamamatsu-pippi.net/docs/2014021901367/,　,ファミリーサポートセンター,,,,,,,,,,,,,,,,,,,,,,,
,,,ファミサポ交流会＆出張登録会,,記事ページ,,https://www.hamamatsu-pippi.net/docs/2014042500013/,　,ファミリーサポートセンター,,,,,,,,,,,,,,,,,,,,,,,
,,,ファミサポ おねがい会員 土曜出張登録会,,記事ページ,,https://www.hamamatsu-pippi.net/docs/2017102000096/,　,ファミリーサポートセンター,,,,,,,,,,,,,,,,,,,,,,,
,,,ファミサポ会員の登録内容を変更するには,,記事ページ,,https://www.hamamatsu-pippi.net/docs/2014032500597/,　,ファミリーサポートセンター,,,,,,,,,,,,,,,,,,,,,,,
,,,ファミサポ会員を退会するには,,記事ページ,,https://www.hamamatsu-pippi.net/docs/2014032500603/,　,ファミリーサポートセンター,,,,,,,,,,,,,,,,,,,,,,,
,,,会員用の様式,,記事ページ,,https://www.hamamatsu-pippi.net/docs/2014032500610/,　,ファミリーサポートセンター,,,,,,,,,,,,,,,,,,,,,,,
,,,相互援助活動の手引き,,記事ページ,,https://www.hamamatsu-pippi.net/docs/2014122300021/,　,ファミリーサポートセンター,,,,,,,,,,,,,,,,,,,,,,,
,,病児・病後児保育(byogoji),,,フォルダー,shiritai/ichiji_hoiku/byogoji,https://www.hamamatsu-pippi.net/bunya/byogoji/,　,幼児教育・保育課,,,,,,,,,,,,,,,,,,,,,,,
,,,病児・病後児保育とは,,記事ページ,,https://www.hamamatsu-pippi.net/docs/2014021901381/,　,幼児教育・保育課,,●,●,●,●,●,●,●,,,,,,●,,,,,,,,,
,,,病児・病後児保育 利用手順と必要書類（浜松市委託事業）,,記事ページ,,https://www.hamamatsu-pippi.net/docs/2014021901398/,　,幼児教育・保育課,,,,,,,,,,,,,,,,,,,,,,,
,,,病児・病後児保育（浜松市委託事業）一覧,,データベース,,https://www.hamamatsu-pippi.net/shiritai/byogoji_itaku/,　,幼児教育・保育課,,,,,,,,,,,,,,,,,,,,,,,
,,,その他の民間病児・病後児保育一覧,,記事ページ,,https://www.hamamatsu-pippi.net/docs/2021040100176/,　,幼児教育・保育課,,,,,,,,,,,,,,,,,,,,,,,
,,子育て短期支援事業（ショートステイ・トワイライトステイ）(tankishien),,,フォルダー,shiritai/ichiji_hoiku/tankishien,https://www.hamamatsu-pippi.net/bunya/tanki_shien/,社福　手当,子育て支援課　,,,,,,,,,,,,,,,,,,,,,,,
,,,ショートステイ（短期入所生活援助事業）,,記事ページ,,https://www.hamamatsu-pippi.net/docs/2016052500144/,社福　手当,子育て支援課　,,,,,,,,,,●,,,,,,,,,,,,,
,,,トワイライトステイ （夜間養護等事業）,,記事ページ,,https://www.hamamatsu-pippi.net/docs/2016052500137/,社福　手当,子育て支援課　,,,,,,,,,,●,,,,,,,,,,,,,
,小学校（shogakko）,,,,フォルダー,shiritai/shogakko,https://www.hamamatsu-pippi.net/bunya/shogakko/,　,教育委員会 教育総務課　,,,,,,,,,,,,,,,,,,,,,,,
,,浜松市立小学校一覧,,,データベース,,https://www.hamamatsu-pippi.net/shiritai/sho_shi/,　,教育委員会 教育総務課　,,,,,,,,●,,,,,,,,,,,,,,,
,,国立小学校一覧,,,データベース,,https://www.hamamatsu-pippi.net/shiritai/sho_koku/,　,教育委員会 教育総務課　,,,,,,,,●,,,,,,,,,,,,,,,
,,私立小学校一覧,,,データベース,,https://www.hamamatsu-pippi.net/shiritai/sho_watakushi/,　,教育委員会 教育総務課　,,,,,,,,●,,,,,,,,,,,,,,,
,,入学前の予備知識,,,記事ページ,,https://www.hamamatsu-pippi.net/docs/2014021901459/,　,教育委員会 教育総務課　,,,,,,,,●,,,,,,,,,,,,,,,
,,入学までに準備しておきたいこと,,,記事ページ,,https://www.hamamatsu-pippi.net/docs/2014021901466/,　,教育委員会 教育総務課　,,,,,,,,●,,,,,,,,,,,,,,,
,,入学までに身につけたいこと,,,記事ページ,,https://www.hamamatsu-pippi.net/docs/2014030400011/,　,教育委員会 教育総務課　,,,,,,,,●,,,,,,,,,,,,,,,
,,浜松市の発達支援教育,,,記事ページ,,https://www.hamamatsu-pippi.net/docs/2014021901473/,　,教育委員会 教育総合支援センター,,,,,,,,●,●,,,,,,,,,,,,,,
,,発達支援学級等での教育,,,記事ページ,,https://www.hamamatsu-pippi.net/docs/2014021901480/,　,教育委員会 教育総合支援センター,,,,,,,,,●,,,,,,,,,,,,,,
,,特別支援学校一覧,,,データベース,,https://www.hamamatsu-pippi.net/shiritai/tokubetsu/,　,教育委員会 教育総合支援センター,,,,,,,,,●,,,,,,,,,,,,,,
,,小・中学校への転校手続き,,,記事ページ,,https://www.hamamatsu-pippi.net/docs/2014021901978/,　,教育委員会 教育総務課　,,,,,,,,,,,,,●,,,,,,,,,,
,,学区外・区域外の就学について,,,記事ページ,,https://www.hamamatsu-pippi.net/docs/2014021901985/,　,教育委員会 教育総務課　,,,,,,,,,,,,,●,,,,,,,,,,
,放課後の子どもの居場所（hokagoibasho),,,,フォルダー,shiritai/hokagoibasho,,,,,,,,,,,,,,,,,,,,,,,,,,
,,小学生の放課後の居場所,,,記事ページ,,https://www.hamamatsu-pippi.net/docs/2015040900027/,　,ぴっぴ,,,,,,,,●,,,,,,,,,,,,,,,
,,学童保育(gakudo),,,フォルダー,shiritai/hokagoibasho/gakudo,https://www.hamamatsu-pippi.net/bunya/gakudo/,　,教育委員会 教育総務課　,,,,,,,,,,,,,,,,,,,,,,,
,,,学童保育の種類と選択,,記事ページ,,https://www.hamamatsu-pippi.net/docs/2014022700013/,　,教育委員会 教育総務課　,,,,,,,,●,,,,,,●,,,,,,,,,
,,,放課後児童会,,記事ページ,,https://www.hamamatsu-pippi.net/docs/2016082700026/,　,教育委員会 教育総務課　,,,,,,,,,,,,,,,,,,,,,,,
,,,放課後児童会一覧,,データベース,,https://www.hamamatsu-pippi.net/shiritai/gaku_hokago/,　,教育委員会 教育総務課　,,,,,,,,●,,,,,,●,,,,,,,,,
,,,放課後児童会の入会申込みと選考スケジュール,,記事ページ,,https://www.hamamatsu-pippi.net/docs/2018040300040/,　,教育委員会 教育総務課　,,,,,,,,●,,,,,,,,,,,,,,,
,,,放課後児童会の待機児童数について,,記事ページ,,https://www.hamamatsu-pippi.net/docs/2015060200022/,　,教育委員会 教育総務課　,,,,,,,,●,,,,,,,,,,,,,,,
,,,類似放課後児童クラブ一覧,,データベース,,https://www.hamamatsu-pippi.net/shiritai/gaku_ruiji/,　,教育委員会 教育総務課　,,,,,,,,,,,,,,,,,,,,,,,
,,,その他の民間学童保育一覧,,データベース,,https://www.hamamatsu-pippi.net/shiritai/gaku_sonota/,　,ぴっぴ,,,,,,,,,,,,,,,,,,,,,,,
,,,その他の民間学童保育に掲載を希望するときは,,記事ページ,,https://www.hamamatsu-pippi.net/docs/2014021901510/,　,ぴっぴ,,,,,,,,●,,,,,,●,,,,,,,,,
,,放課後子供教室,,,記事ページ,,https://www.hamamatsu-pippi.net/docs/2014102900029/,　,教育委員会 教育総務課　,,,,,,,,●,,,,,,,,,,,,,,,
,手当・助成・手続き（teate_josei）,,,,フォルダー,shiritai/teate_josei,https://www.hamamatsu-pippi.net/shiritai/teate_josei/,　,　,,,,,,,,,,,,,,,,,,,,,,,
,,出生届（旧：赤ちゃんが生まれたときの届出） ,,,記事ページ,,https://www.hamamatsu-pippi.net/docs/2014021901558/,　,NPO法人はままつ子育てネットワークぴっぴ,,●,,,,,,,,,,,,,,,,,,,,,
,,出産時の手当・助成（shussan）,,,フォルダー,shiritai/teate_josei/shussan,https://www.hamamatsu-pippi.net/bunya/syussan/,　,,,,,,,,,,,,,,,,,,,,,,,,
,,,出産育児一時金,,記事ページ,,https://www.hamamatsu-pippi.net/docs/2014021901565/,　,国保年金課,●,,,,,,,,,,,●,,,,,,,,,,,
,,,出産手当金,,記事ページ,,https://www.hamamatsu-pippi.net/docs/2014021901572/,　,NPO法人はままつ子育てネットワークぴっぴ,●,,,,,,,,,,,,,,,,,,,,,,
,,,助産制度,,記事ページ,,https://www.hamamatsu-pippi.net/docs/2014021901589/,社福　家児,子育て支援課　,●,,,,,,,,,,,,,,,,,,,,,,
,,児童手当（jido_teate）,,,フォルダー,shiritai/teate_josei/jido_teate,https://www.hamamatsu-pippi.net/bunya/jido_teate/,　,子育て支援課　,,,,,,,,,,,,,,,,,,,,,,,
,,,児童手当とは,,記事ページ,,https://www.hamamatsu-pippi.net/docs/2014022700020/,社福　手当,子育て支援課　,,●,●,,●,,,●,,,,,,,,,,,,,,,
,,,児童手当の申請をするときは,,記事ページ,,https://www.hamamatsu-pippi.net/docs/2014021901596/,その他,子育て支援課　,,,,,,,,,,,,,,,,,,,,,,,
,,,児童手当に関する手続きの電子申請,,記事ページ,,https://www.hamamatsu-pippi.net/docs/2014021901602/,社福　手当,子育て支援課　,,,,,,,,,,,,,,,,,,,,,,,
,,児童扶養手当（jifu_teate）,,,フォルダー,shiritai/teate_josei/jifu_teate,https://www.hamamatsu-pippi.net/bunya/jifu_teate/,　,子育て支援課　,,,,,,,,,,,,,,,,,,,,,,,
,,,児童扶養手当とは,,記事ページ,,https://www.hamamatsu-pippi.net/docs/2014022700037/,社福　手当,子育て支援課　,,,,,,,,,,●,,,,,,,,,,,,,
,,,児童扶養手当と公的年金等の併給について,児童扶養手当と公的年金等の併給について,記事ページ,,https://www.hamamatsu-pippi.net/docs/2014021901640/,社福　手当,子育て支援課　,,,,,,,,,,,,,,,,,,,,,,,
,,,児童扶養手当の申請をするときは,,記事ページ,,https://www.hamamatsu-pippi.net/docs/2014021901619/,社福　手当,子育て支援課　,,,,,,,,,,,,,,,,,,,,,,,
,,,児童扶養手当を受けている場合の届出一覧,,記事ページ,,https://www.hamamatsu-pippi.net/docs/2014021901633/,社福　手当,子育て支援課　,,,,,,,,,,,,,,,,,,,,,,,
,,乳幼児医療費助成制度（nyuyo_iryo）,,,フォルダー,shiritai/teate_josei/nyuyo_iryo,https://www.hamamatsu-pippi.net/bunya/nyuyo_iryo/,　,子育て支援課　,,,,,,,,,,,,,,,,,,,,,,,
,,,乳幼児医療費助成制度とは,,記事ページ,,https://www.hamamatsu-pippi.net/docs/2014022700044/,社福　手当,子育て支援課　,,●,●,,●,,,,,,,,,,,,,,,,,,
,,,乳幼児医療費受給者証の交付を受けるときは,,記事ページ,,https://www.hamamatsu-pippi.net/docs/2014021901657/,社福　手当,子育て支援課　,,,,,,,,,,,,,,,,,,,,,,,
,,,乳幼児医療費助成償還払い申請をするときは,,記事ページ,,https://www.hamamatsu-pippi.net/docs/2014021901664/,社福　手当,子育て支援課　,,,,,,,,,,,,,,,,,,,,,,,
,,,乳幼児医療費受給者証の内容変更・再交付を受けるときは,,記事ページ,,https://www.hamamatsu-pippi.net/docs/2014021901671/,社福　手当,子育て支援課　,,,,,,,,,,,,,,,,,,,,,,,
,,※小中高生にも表示,高額療養費制度の対象となる場合の取り扱いについて,,記事ページ,,https://www.hamamatsu-pippi.net/docs/2014032100308/,　,子育て支援課　,,,,,,,,,,,,,,,,,,,,,,,
,,小・中学生、高校生世代医療費助成制度（syochu_iryo）,,,フォルダー,shiritai/teate_josei/syochu_iryo,https://www.hamamatsu-pippi.net/bunya/syochu_iryo/,　,子育て支援課　,,,,,,,,,,,,,,,,,,,,,,,
,,,小・中学生、高校生世代医療費助成制度とは,,記事ページ,,https://www.hamamatsu-pippi.net/docs/2014022700051/,社福　手当,子育て支援課　,,,,,,,,●,,,,,,,,,,,,,,,
,,,小・中学生、高校生世代医療費受給者証の交付を受けるときは,,記事ページ,,https://www.hamamatsu-pippi.net/docs/2014021901688/,その他,子育て支援課　,,,,,,,,,,,,,,,,,,,,,,,
,,,小・中学生、高校生世代医療費助成償還払い申請をするときは,,記事ページ,,https://www.hamamatsu-pippi.net/docs/2014021901695/,社福　手当,子育て支援課　,,,,,,,,,,,,,,,,,,,,,,,
,,,小・中学生、高校生世代医療費受給者証の内容変更・再交付を受けるときは,,記事ページ,,https://www.hamamatsu-pippi.net/docs/2014021901701/,社福　手当,子育て支援課　,,,,,,,,,,,,,,,,,,,,,,,
,,※乳幼児にも表示,高額療養費制度の対象となる場合の取り扱いについて,,記事ページ,,https://www.hamamatsu-pippi.net/docs/2014032100308/,　,子育て支援課　,,,,,,,,,,,,,,,,,,,,,,,
,,ひとり家庭等医療費助成制度（hitori_iryo）,,,フォルダー,shiritai/teate_josei/hitori_iryo,https://www.hamamatsu-pippi.net/bunya/boshi_iryo/,　,子育て支援課　,,,,,,,,,,,,,,,,,,,,,,,
,,,ひとり親家庭等医療費助成制度とは,,記事ページ,,https://www.hamamatsu-pippi.net/docs/2014022700068/,社福　手当,子育て支援課　,,,,,,,,,,●,,,,,,,,,,,,,
,,,ひとり親家庭等医療費助成の認定を受けるときは,,記事ページ,,https://www.hamamatsu-pippi.net/docs/2014021901718/,社福　手当,子育て支援課　,,,,,,,,,,,,,,,,,,,,,,,
,,,ひとり親家庭等医療費助成の償還払い申請をするときは,,記事ページ,,https://www.hamamatsu-pippi.net/docs/2014021901725/,社福　手当,子育て支援課　,,,,,,,,,,,,,,,,,,,,,,,
,,,ひとり親家庭等医療費受給資格を更新するときは,,記事ページ,,https://www.hamamatsu-pippi.net/docs/2014021901749/,社福　手当,子育て支援課　,,,,,,,,,,,,,,,,,,,,,,,
,,未熟児養育医療,,,記事ページ,,https://www.hamamatsu-pippi.net/docs/2014021901756/,社福　手当,健康増進課　,,,,,,,,,●,,●,,,,,,,,,,,,
,,小児弱視等の治療用眼鏡などにかかる療養費,,,記事ページ,,https://www.hamamatsu-pippi.net/docs/2014021901763/,　,国保年金課,,,,,,,,,,,,,,,,,,,,,,,
,,医療費控除,,,記事ページ,,https://www.hamamatsu-pippi.net/docs/2014021901770/,　,NPO法人はままつ子育てネットワークぴっぴ,,,,,,,,,,,,,,,,,,,,,,,
,,小児慢性特定疾患医療,,,記事ページ,,https://www.hamamatsu-pippi.net/docs/2014021901787/,社福　手当,健康増進課　,,,,,,,,,,,,,,,,,,,,,,,
,,重度心身障害者医療費助成制度（jushin）,,,フォルダー,shiritai/teate_josei/jushin,,,,,,,,,,,,,,,,,,,,,,,,,,
,,,重度心身障害者医療費助成制度とは,,記事ページ,,https://www.hamamatsu-pippi.net/docs/2014021901817/,社福　他,障害保健福祉課　医療・就労支援グループ ,,,,,,,,,●,,,,,,,,,,,,,,
,,,重度心身障害者医療費助成制度の新規登録,,記事ページ,,https://www.hamamatsu-pippi.net/docs/2014021901824/,社福　他,障害保健福祉課　医療・就労支援グループ ,,,,,,,,,,,,,,,,,,,,,,,
,,,重度心身障害者医療費の償還払の申請,,記事ページ,,https://www.hamamatsu-pippi.net/docs/2014021901831/,社福　他,障害保健福祉課　医療・就労支援グループ ,,,,,,,,,,,,,,,,,,,,,,,
,,特別児童扶養手当、障害児福祉手当、浜松市重度心身障害児扶養手当,,,記事ページ,,https://www.hamamatsu-pippi.net/docs/2020040100124/,社福　他,障害保健福祉課　生活支援第1グループ ,,,,,,,,,,,,,,,,,,,,,,,
,,自立支援医療（育成医療）,,,記事ページ,,https://www.hamamatsu-pippi.net/docs/2014021901848/,健康　手当,健康増進課　,,,,,,,,,●,,,,,,,,,,,,,,
,,医療費助成 様式ダウンロード,,,記事ページ,,https://www.hamamatsu-pippi.net/docs/2014021901855/,健康　手当,健康増進課　,,,,,,,,,,,,,,,,,,,,,,,
,,障がいの認定・手帳の交付,,,記事ページ,,https://www.hamamatsu-pippi.net/docs/2014031100033/,　,障害保健福祉課　医療・就労支援グループ ,,,,,,,,,●,,,,,,,,,,,,,,
,,不妊治療の助成(※旧：不妊・不育について）,,,記事ページ,,https://www.hamamatsu-pippi.net/docs/2014021901060/,　,健康増進課　,●,,,,,,,,,,,,,,,,,,,,,,
,,遺児等福祉手当（iji_teate),,,フォルダー,shiritai/teate_josei/iji_teate,,,,,,,,,,,,,,,,,,,,,,,,,,
,,,遺児等福祉手当とは,,記事ページ,,https://www.hamamatsu-pippi.net/docs/2014021901862/,社福　手当,子育て支援課　,,,,,,,,,,●,,,,,,,,,,,,,
,,,遺児等福祉手当を申請するときは,,記事ページ,,https://www.hamamatsu-pippi.net/docs/2014021901879/,社福　手当,子育て支援課　,,,,,,,,,,,,,,,,,,,,,,,
,,,遺児等福祉手当を続けて受けるときは,,記事ページ,,https://www.hamamatsu-pippi.net/docs/2014021901886/,社福　手当,子育て支援課　,,,,,,,,,,,,,,,,,,,,,,,
,,交通遺児等福祉手当(kotsuiji_teate),,,フォルダー,shiritai/teate_josei/kotsuiji_teate,,,,,,,,,,,,,,,,,,,,,,,,,,
,,,交通遺児等福祉手当とは,,記事ページ,,https://www.hamamatsu-pippi.net/docs/2014021901893/,社福　手当,子育て支援課　,,,,,,,,,,●,,,,,,,,,,,,,
,,,交通遺児等福祉手当を申請するときは,,記事ページ,,https://www.hamamatsu-pippi.net/docs/2014021901909/,社福　手当,子育て支援課　,,,,,,,,,,,,,,,,,,,,,,,
,,,交通遺児等福祉手当を続けて受けるときは,,記事ページ,,https://www.hamamatsu-pippi.net/docs/2014021901916/,社福　手当,子育て支援課　,,,,,,,,,,,,,,,,,,,,,,,
,,母子父子寡婦福祉資金貸付金（boshikafu),,,フォルダー,shiritai/teate_josei/boshikafu,,,,,,,,,,,,,,,,,,,,,,,,,,
,,,母子父子寡婦福祉資金貸付金とは,,記事ページ,,https://www.hamamatsu-pippi.net/docs/2014021901923/,社福　手当,子育て支援課　,,,,,,,,,,●,,,,,,,,,,,,,
,,,母子父子寡婦福祉資金貸付金を申請するときは,,記事ページ,,https://www.hamamatsu-pippi.net/docs/2014021901930/,社福　手当,子育て支援課　,,,,,,,,,,,,,,,,,,,,,,,
,,母子家庭等自立支援給付金,,,記事ページ,,https://www.hamamatsu-pippi.net/docs/2014021901947/,社福　手当,子育て支援課　,,,,,,,,,,●,,,,,,,,,,,,,
,,寡婦(夫)控除のみなし適用,,,記事ページ,,https://www.hamamatsu-pippi.net/docs/2016090600226/,社福　手当,子育て支援課　,,,,,,,,,,●,,,,,,,,,,,,,
,,就園就学に関する手当・助成(shuen_teate),,,フォルダー,shiritai/teate_josei/shuen_teate,https://www.hamamatsu-pippi.net/bunya/syuen_teate/,　,,,,,,,,,,,,,,,,,,,,,,,,
,,,浜松市認証保育所利用者補助金（保育にも分類あり）,,記事ページ,,https://www.hamamatsu-pippi.net/docs/2014021901954/,　,幼児教育・保育課,,●,●,,,,,,,,,,,●,,,,,,,,,
,,,就学援助制度,,記事ページ,,https://www.hamamatsu-pippi.net/docs/2014022100127/,　,教育委員会 教育総務課　,,,,,,,,●,,●,,,,,,,,,,,,,
,,,高等学校卒業程度認定試験合格支援事業,,記事ページ,,https://www.hamamatsu-pippi.net/docs/2016091600225/,社福　手当,子育て支援課　,,,,,,,,,,●,,,,,,,,,,,,,
,教室・講座（koza）,,,,フォルダー,shiritai/koza,https://www.hamamatsu-pippi.net/bunya/koza/,　,　,,,,,,,,,,,,,,,,,,,,,,,
,,父親と母親のための子育て教室(※順番随時可動）（kyoshitsu),,,フォルダー,shiritai/koza/kyoshitsu,https://www.hamamatsu-pippi.net/bunya/kyoshitsu/,　,,,,,,,,,,,,,,,,,,,,,,,,
,,,転入ファミリーのための交流会,,記事ページ,,https://www.hamamatsu-pippi.net/docs/2014041400017/,　,子育て情報センター,,,,,,,,,,,,,●,,,,,,,,,,
,,,新米パパ応援講座,,記事ページ,,https://www.hamamatsu-pippi.net/docs/2019052000034/,　,子育て情報センター,,,,,,,,,,,,,,,,,,,,,,,
,,,考える力を引き出す遊びの軸,,記事ページ,,https://www.hamamatsu-pippi.net/docs/2017112100038/,　,子育て情報センター,,,,,,,,,,,,,,,,,,,,,,,
,,,先輩ママに聞く！気になる子のかかわり方・育て方講座,,記事ページ,,https://www.hamamatsu-pippi.net/docs/2019052000034/,　,子育て情報センター,,,,,,,,,,,,,,,,,,,,,,,
,,,子育てと仕事両立支援講座,,記事ページ,,https://www.hamamatsu-pippi.net/docs/2014051600018/,　,子育て情報センター,,,,,,,,,,,,,,●,,,,,,,,,
,,,子どもの好奇心との向き合い方,,記事ページ,,https://www.hamamatsu-pippi.net/docs/2019071600048/,　,子育て情報センター,,,,,,,,,,,,,,,,,,,,,,,
,,出張マザーズコーナー,,,記事ページ,,https://www.hamamatsu-pippi.net/docs/2014050600033/,　,NPO法人はままつ子育てネットワークぴっぴ,,,,,,,,,,,,,,●,,,,,,,,,
,,はじめてのパパママレッスンとは（papamamalesson）,,,フォルダー,shiritai/koza/papamamalesson,,,,,,,,,,,,,,,,,,,,,,,,,,
,,,はじめてのパパママレッスンとは,,記事ページ,,https://www.hamamatsu-pippi.net/docs/2014022100158/,　,健康増進課　,●,,,,,,,,,,,,,,,●,●,●,●,●,●,●,
,,,はじめてのパパママレッスン　オンライン,,記事ページ,,https://www.hamamatsu-pippi.net/docs/2021110200133/,　,健康増進課　,,,,,,,,,,,,,,,,,,,,,,,
,,,はじめてのパパママレッスン 申込フォーム,,記事ページ,,https://www.hamamatsu-pippi.net/docs/2021080900057/,　,健康増進課　,,,,,,,,,,,,,,,,,,,,,,,
,,,はじめてのパパママレッスン　中区,,記事ページ,,https://www.hamamatsu-pippi.net/docs/2014022600023/,中央保健福祉センター,,,,,,,,,,,,,,,,,,,,,,,,
,,,はじめてのパパママレッスン　東区,,記事ページ,,https://www.hamamatsu-pippi.net/docs/2014022600030/,東区　健康づくり課,,,,,,,,,,,,,,,,,,,,,,,,
,,,はじめてのパパママレッスン　西区,,記事ページ,,https://www.hamamatsu-pippi.net/docs/2014022600047/,西区　健康づくり課,,,,,,,,,,,,,,,,,,,,,,,,
,,,はじめてのパパママレッスン　南区,,記事ページ,,https://www.hamamatsu-pippi.net/docs/2014022600054/,南区　健康づくり課,,,,,,,,,,,,,,,,,,,,,,,,
,,,はじめてのパパママレッスン　北区,,記事ページ,,https://www.hamamatsu-pippi.net/docs/2014022600061/,北区　引佐健康センター,,,,,,,,,,,,,,,,,,,,,,,,
,,,はじめてのパパママレッスン　浜北区,,記事ページ,,https://www.hamamatsu-pippi.net/docs/2014022600078/,浜北区 健康づくり課,,,,,,,,,,,,,,,,,,,,,,,,
,,,はじめてのパパママレッスン　天竜区,,記事ページ,,https://www.hamamatsu-pippi.net/docs/2014022600085/,天竜区　健康づくり課,,,,,,,,,,,,,,,,,,,,,,,,
,,離乳食教室（rinyushoku）,,,フォルダー,shiritai/koza/rinyushoku,,,,,,,,,,,,,,,,,,,,,,,,,,
,,,離乳食教室,,記事ページ,,https://www.hamamatsu-pippi.net/docs/2014022100165/,　,健康増進課　,,●,,,,,,,,,,,,,,,,,,,,,
,,,離乳食教室　令和3年度の日程,,記事ページ,,https://www.hamamatsu-pippi.net/docs/2020022800097/,　,健康増進課　,,,,,,,,,,,,,,,,,,,,,,,
,,,離乳食教室 申込フォーム,,記事ページ,,https://www.hamamatsu-pippi.net/docs/2021051300015/,　,健康増進課　,,,,,,,,,,,,,,,,,,,,,,,
,,もぐもぐ元気っ子教室（mogumogu),,,フォルダー,shiritai/koza/mogumogu,,,,,,,,,,,,,,,,,,,,,,,,,,
,,,もぐもぐ元気っ子教室,,記事ページ,,https://www.hamamatsu-pippi.net/docs/2014022100172/,　,健康増進課　,,●,,,,,,,,,,,,,,●,●,●,●,●,●,●,
,,,もぐもぐ元気っこ教室 申込フォーム,,記事ページ,,https://www.hamamatsu-pippi.net/docs/2021051300046/,　,健康増進課　,,,,,,,,,,,,,,,,,,,,,,,
,,,もぐもぐ元気っこ教室　中区,,記事ページ,,https://www.hamamatsu-pippi.net/docs/2014022600221/,中央保健福祉センター,,,,,,,,,,,,,,,,,,,,,,,,
,,,もぐもぐ元気っこ教室　東区,,記事ページ,,https://www.hamamatsu-pippi.net/docs/2014022600214/,東区　健康づくり課,,,,,,,,,,,,,,,,,,,,,,,,
,,,もぐもぐ元気っこ教室　西区,,記事ページ,,https://www.hamamatsu-pippi.net/docs/2014022600207/,西区　健康づくり課,,,,,,,,,,,,,,,,,,,,,,,,
,,,もぐもぐ元気っこ教室　南区,,記事ページ,,https://www.hamamatsu-pippi.net/docs/2014022600191/,南区　健康づくり課,,,,,,,,,,,,,,,,,,,,,,,,
,,,もぐもぐ元気っこ教室　北区,,記事ページ,,https://www.hamamatsu-pippi.net/docs/2014022600184/,北区　引佐健康センター,,,,,,,,,,,,,,,,,,,,,,,,
,,,もぐもぐ元気っこ教室　浜北区,,記事ページ,,https://www.hamamatsu-pippi.net/docs/2014022600177/,浜北区 健康づくり課,,,,,,,,,,,,,,,,,,,,,,,,
,,,もぐもぐ元気っこ教室　天竜区,,記事ページ,,https://www.hamamatsu-pippi.net/docs/2014022600160/,天竜区　健康づくり課,,,,,,,,,,,,,,,,,,,,,,,,
,,未熟児医療と育児の相談交流会,,,記事ページ,,https://www.hamamatsu-pippi.net/docs/2019031800020/,　,健康増進課　,,,,,,,,,,,●,,,,,,,,,,,,
,,協働センターの講座,,,記事ページ,,https://www.hamamatsu-pippi.net/docs/2014021902005/,　,NPO法人はままつ子育てネットワークぴっぴ,,,,,,,,●,,,,,,,,,,,,,,,
,,図書館の講座,,,記事ページ,,https://www.hamamatsu-pippi.net/docs/2014022100189/,　,NPO法人はままつ子育てネットワークぴっぴ,,●,●,●,●,●,●,,,,,,,,,,,,,,,,
,,スポーツ教室(※新規作成),,,新設,,,,,,,,,,,,,,,,,,,,,,,,,,,
,子育て家庭支援(shien),,,,フォルダー,shiritai/shien,,,,,,,,,,,,,,,,,,,,,,,,,,
,,はままつ子育てガイド ,,,記事ページ,,https://www.hamamatsu-pippi.net/docs/2014021902302/,　,子育て支援課　,,●,●,,●,,,●,,,,,,,,,,,,,,,
,,はますくファイル ,,,記事ページ,,https://www.hamamatsu-pippi.net/docs/2014021902319/,　,子育て支援課　,●,●,●,,●,,,●,,,,,,,,,,,,,,,
,,はますくファイル　2015年版,,,記事ページ,,https://www.hamamatsu-pippi.net/docs/2015032400054/,　,子育て支援課　,,,,,,,,,,,,,,,,,,,,,,,
,,はますくファイル　2011年版,,,記事ページ,,https://www.hamamatsu-pippi.net/docs/2015032400023/,　,子育て支援課　,,,,,,,,,,,,,,,,,,,,,,,
,,はますくヘルパー　利用事業(産前・産後ヘルパー）,,,記事ページ,,https://www.hamamatsu-pippi.net/docs/2016082600043/,　,子育て支援課　,●,●,,,,,,,,,,●,,,,,,,,,,,
,,はますくヘルパー様式ダウンロード,,,記事ページ,,https://www.hamamatsu-pippi.net/docs/2016092800037/,　,子育て支援課　,,,,,,,,,,,,,,,,,,,,,,,
,,産後ケア事業(sangocare),,,フォルダー,shiritai/shien/sangocare,,,,,,,,,,,,,,,,,,,,,,,,,,
,,,産後ケア事業,,記事ページ,,https://www.hamamatsu-pippi.net/docs/2016082600050/,　,健康増進課　,●,●,,,,,,,,,,●,,,,,,,,,,,
,,,産後ケア事業実施施設一覧,,記事ページ,,https://www.hamamatsu-pippi.net/docs/2019032300017/,　,健康増進課　,,,,,,,,,,,,,,,,,,,,,,,
,,,産後ケア事業 様式ダウンロード,,記事ページ,,https://www.hamamatsu-pippi.net/docs/2016093000023/,　,健康増進課　,,,,,,,,,,,,,,,,,,,,,,,
,,障がいのある子どものサポート・サービス（shogai_support),,,フォルダー,shiritai/shien/shogai_support,,,,,,,,,,,,,,,,,,,,,,,,,,
,,,障がいのある子どものサポート・サービスとは,,記事ページ,,https://www.hamamatsu-pippi.net/docs/2014021902340/,　,障害保健福祉課　生活支援第2グループ,,,,,,,,,●,,,,,,,,,,,,,,
,,,児童発達支援事業一覧（※新規オープンデータCSVアップロード）,,データベース,,,,,,,,,,,,,●,,,,,,,,,,,,,,
,,,日中一時支援事業一覧（※新規オープンデータCSVアップロード）,,データベース,,,,,,,,,,,,,●,,,,,,,,,,,,,,
,,,放課後等デイサービス事業一覧（※新規オープンデータCSVアップロード）,,データベース,,,　,,,,,,,,,,●,,,,,,,,,,,,,,
,,発達支援広場（たんぽぽ広場）,,,記事ページ,,https://www.hamamatsu-pippi.net/docs/2017022200019/,　,子育て支援課　,,●,,,,,,,●,,,,,,,,,,,,,,
,,障がい児が利用できる施設,,,記事ページ,,https://www.hamamatsu-pippi.net/docs/2014031100019/,　,障害保健福祉課 ,,,,,,,,,●,,,,,,,,,,,,,,
,,ひとり親家庭等日常生活支援事業（hitori_seikatsu）,,,フォルダー,shiritai/shien/hitori_seikatsu,https://www.hamamatsu-pippi.net/bunya/boshi_seikatsu/,　,子育て支援課　,,,,,,,,,,,,,,,,,,,,,,,
,,,ひとり親家庭等日常生活支援事業とは,,記事ページ,,https://www.hamamatsu-pippi.net/docs/2014022800010/,社福　手当,子育て支援課　,,,,,,,,,,●,,,,,,,,,,,,,
,,,新型コロナウイルスの感染拡大防止における留意点（ひとり親家庭等日常生活支援事業）,新型コロナウイルスの感染拡大防止における留意点（ひとり親家庭等日常生活支援事業）,,,https://www.hamamatsu-pippi.net/docs/2021051900031/,　,,,,,,,,,,,,,,,,,,,,,,,,
,,,ひとり親家庭等日常生活支援事業対象家庭の登録をするには,,記事ページ,,https://www.hamamatsu-pippi.net/docs/2014021902012/,社福　手当,子育て支援課　,,,,,,,,,,●,,,,,,,,,,,,,
,,,ひとり親家庭等日常生活支援事業を利用するには,,記事ページ,,https://www.hamamatsu-pippi.net/docs/2014021902029/,社福　手当,子育て支援課　,,,,,,,,,,●,,,,,,,,,,,,,
,,,ひとり親家庭等日常生活支援事業家庭生活支援員になるには,,記事ページ,,https://www.hamamatsu-pippi.net/docs/2014021902036/,社福　手当,子育て支援課　,,,,,,,,,,●,,,,,,,,,,,,,
,,母子生活支援施設の入所 ,,,記事ページ,,https://www.hamamatsu-pippi.net/docs/2014021902357/,社福　手当,子育て支援課　,,,,,,,,,,●,,,,,,,,,,,,,
,,しずおか子育て優待カード,,,記事ページ,,https://www.hamamatsu-pippi.net/docs/2014021902326/,　,子育て支援課　,●,●,●,,●,,,●,,,,,,,,,,,,,,,
,,里親制度 ,,,記事ページ,,https://www.hamamatsu-pippi.net/docs/2014021902333/,社福　手当,児童相談所,,●,●,,●,,,●,,,,,,,,,,,,,,,
,浜松市の取り組み（torikumi）,,,,削除,,https://www.hamamatsu-pippi.net/shiritai/torikumi/,　,　,,,,,,,,,,,,,,,,,,,,,,,
,,市長 × ぴっぴ「どうなるの？ 浜松の子育て」 →法人サイトへ,,,削除,,https://www.hamamatsu-pippi.net/docs/2014082200065/,　,NPO法人はままつ子育てネットワークぴっぴ,,,,,,,,,,,,,,,,,,,,,,,
,,はままつ子どもふれあい週間→必要ならランディングページ下部へ,,,削除,,https://www.hamamatsu-pippi.net/docs/2014021902364/,　,次世代育成課　,,,,,,,,,,,,,,,,,,,,,,,
,,浜松市の子育て関係の計画・プランなど→必要ならランディングページ下部へ,,,削除,,https://www.hamamatsu-pippi.net/docs/2014021902371/,　,　,,,,,,,,,,,,,,,,,,,,,,,
,,市長インタビュー→必要ならランディングページ下部へ,,,削除,,https://www.hamamatsu-pippi.net/docs/2014043000024/,　,NPO法人はままつ子育てネットワークぴっぴ,,,,,,,,,,,,,,,,,,,,,,,
,,はままつ動画チャンネル→必要ならランディングページ下部へ,,,削除,,https://www.hamamatsu-pippi.net/docs/2014043000031/,　,NPO法人はままつ子育てネットワークぴっぴ,,,,,,,,,,,,,,,,,,,,,,,
相談したい(sodan),,,,,フォルダー,sodan,https://www.hamamatsu-pippi.net/sodan/,　,　,,,,,,,,,,,,,,,,,,,,,,,
,浜松市の相談窓口など（madoguchi）,,,,フォルダー,sodan/madoguchi,https://www.hamamatsu-pippi.net/bunya/madoguchi/,　,　,,,,,,,,,,,,,,,,,,,,,,,
,,妊娠期から子育て期における相談窓口（子育て世代包括支援センター）,,,記事ページ,,https://www.hamamatsu-pippi.net/docs/2014021902531/,　,健康増進課　,●,,,,,,,,,,,●,,,,,,,,,,,
,,LINE予約の利用方法,,,記事ページ,,https://www.hamamatsu-pippi.net/docs/2021021700012/,　,健康増進課　,,,,,,,,,,,,,,,,,,,,,,,
,,親子すこやか相談 ,,,記事ページ,,https://www.hamamatsu-pippi.net/docs/2014021902470/,　,健康増進課　,●,●,●,,●,,,,,,●,●,,,,,,,,,,,
,,親子すこやか相談 申込フォーム,,,記事ページ,,https://www.hamamatsu-pippi.net/docs/2020061900017/,　,健康増進課　,,,,,,,,,,,,,,,,,,,,,,,
,,子どものからだと健康相談,,,記事ページ,,https://www.hamamatsu-pippi.net/docs/2014021902548/,　,健康増進課　,,,●,,●,,,,,,,●,,,,,,,,,,,
,,発達に関する相談 ,,,記事ページ,,https://www.hamamatsu-pippi.net/docs/2014021902487/,健康　他,健康増進課　,,●,●,,●,,,●,●,,●,,,,,,,,,,,,
,,家庭児童相談室（子どもに関する相談について）,,,記事ページ,,https://www.hamamatsu-pippi.net/docs/2014021902456/,社福　家児,子育て支援課　,,●,●,,●,,,●,,,,,,,,,,,,,,,
,,浜松市児童相談所（虐待に関する相談など）,,,記事ページ,,https://www.hamamatsu-pippi.net/docs/2014021902463/,社福　家児,児童相談所,,,,,,,,,,,,,,,,,,,,,,,
,,小学校就学に関する相談,,,記事ページ,,https://www.hamamatsu-pippi.net/docs/2014021902500/,　,教育委員会 教育総合支援センター,,,,,,,,●,●,,,,,,,,,,,,,,
,,教育相談 ,,,記事ページ,,https://www.hamamatsu-pippi.net/docs/2014021902524/,社福　他,教育委員会 教育総合支援センター,,,,,,,,●,,,,,,,,,,,,,,,
,,ひとり親相談（ひとり親サポートセンター）,,,記事ページ,,https://www.hamamatsu-pippi.net/docs/2020122200193/,　,子育て支援課　,,,,,,,,,,●,,,,,,,,,,,,,
,,各区役所の問い合わせ先,,,記事ページ,,https://www.hamamatsu-pippi.net/docs/2014033100161/,　,　,,,,,,,,,,,,,,,,,,,,,,,
,いろいろな相談先（※来年度DBにするか検討）（sodansaki）,,,,フォルダー,sodan/sodansaki,https://www.hamamatsu-pippi.net/bunya/sodansaki/,　,　,,,,,,,,,,,,,,,,,,,,,,,
,,相談先一覧  目的別ガイド（子育て全般、仕事、こころ、医療と健康、障がい、ひとり親、教育、男性・女性、その他）,,,記事ページ,,https://www.hamamatsu-pippi.net/docs/2014021902579/,　,NPO法人はままつ子育てネットワークぴっぴ,,●,●,,●,,,●,,,,,,,,,,,,,,,
,,相談先一覧 ：子育て全般 ,,,記事ページ,,https://www.hamamatsu-pippi.net/docs/2014021902586/,　,NPO法人はままつ子育てネットワークぴっぴ,,,,,,,,,,,,,,,,,,,,,,,
,,相談先一覧 ：仕事,,,記事ページ,,https://www.hamamatsu-pippi.net/docs/2014021902661/,　,NPO法人はままつ子育てネットワークぴっぴ,,,,,,,,,,,,,,●,,,,,,,,,
,,相談先一覧 ：こころ ,,,記事ページ,,https://www.hamamatsu-pippi.net/docs/2014021902593/,　,NPO法人はままつ子育てネットワークぴっぴ,,,,,,,,,,,,,,,,,,,,,,,
,,相談先一覧 ：医療と健康 ,,,記事ページ,,https://www.hamamatsu-pippi.net/docs/2014021902609/,　,NPO法人はままつ子育てネットワークぴっぴ,,,,,,,,,,,,,,,,,,,,,,,
,,相談先一覧 ：障がい,,,記事ページ,,https://www.hamamatsu-pippi.net/docs/2014021902616/,　,NPO法人はままつ子育てネットワークぴっぴ,,,,,,,,,●,,,,,,,,,,,,,,
,,相談先一覧 ：ひとり親 ,,,記事ページ,,https://www.hamamatsu-pippi.net/docs/2014021902623/,　,NPO法人はままつ子育てネットワークぴっぴ,,,,,,,,,,●,,,,,,,,,,,,,
,,相談先一覧 ：教育 ,,,記事ページ,,https://www.hamamatsu-pippi.net/docs/2014021902630/,　,NPO法人はままつ子育てネットワークぴっぴ,,,,,,,,,,,,,,,,,,,,,,,
,,相談先一覧 ：男性・女性 ,,,記事ページ,,https://www.hamamatsu-pippi.net/docs/2014021902654/,　,NPO法人はままつ子育てネットワークぴっぴ,●,,,,,,,,,,,,,,,,,,,,,,
,,相談先一覧 ：その他 ,,,記事ページ,,https://www.hamamatsu-pippi.net/docs/2014021902647/,　,NPO法人はままつ子育てネットワークぴっぴ,,,,,,,,,,,,,,,,,,,,,,,
,はますくQ&A(hamasukuqa),,,,フォルダー,sodan/hamasukuqa,,,,,,,,,,,,,,,,,,,,,,,,,,
,FAQよくある質問　全面的に見直し※一旦削除(全119件）（faq）,,,,削除,,https://www.hamamatsu-pippi.net/sodan/faq/,　,　,,,,,,,,,,,,,,,,,,,,,,,
つながりたい(tsunagaru),,,,,フォルダー,tsunagaru,https://www.hamamatsu-pippi.net/tsunagaru/,　,,,,,,,,,,,,,,,,,,,,,,,,
,サークル・団体（group）,,,,フォルダー,tsunagaru/group,https://www.hamamatsu-pippi.net/tsunagaru/group/,　,　,,,,,,,,,,,,,,,,,,,,,,,
,,子育てサークル・団体の検索,,,データベース,,https://www.hamamatsu-pippi.net/docs/2014021902388/,　,子育て情報センター,,●,●,,,,,,,,,●,,,,,,,,,,,
,,子育てサークル・子育て関連団体,,,データベース,,https://www.hamamatsu-pippi.net/circle/,　,子育て情報センター,,,,,,,,,,,,,,,,,,,,,,,
,,子育てサークルの登録と運営（circle_unei）,,,フォルダー,tsunagaru/group/circle_unei,https://www.hamamatsu-pippi.net/bunya/circle_unei/,　,子育て情報センター,,,,,,,,,,,,,,,,,,,,,,,
,,,子育てサークルの運営 ,,記事ページ,,https://www.hamamatsu-pippi.net/docs/2014021902418/,　,子育て情報センター,,,,,,,,,,,,,,,,,,,,,,,
,,,子育てサークル・サロン代表者交流会,,記事ページ,,https://www.hamamatsu-pippi.net/docs/2018091800070/,　,子育て情報センター,,,,,,,,,,,,,,,,,,,,,,,
,,,子育てサークル立ち上げ&運営に関する相談,,記事ページ,,https://www.hamamatsu-pippi.net/docs/2014052100098/,　,子育て情報センター,,,,,,,,,,,,,,,,,,,,,,,
,,,サークル活動や勉強会で利用できる場所,,記事ページ,,https://www.hamamatsu-pippi.net/docs/2014021902425/,　,子育て情報センター,,,,,,,,,,,,,,,,,,,,,,,
,,,子育て支援ひろば・児童館へのチラシ配布方法,,記事ページ,,https://www.hamamatsu-pippi.net/docs/2014072200013/,　,子育て支援課　,,,,,,,,,,,,,,,,,,,,,,,
,集いの場（hiroba）,,,,フォルダー,tsunagaru/hiroba,https://www.hamamatsu-pippi.net/tsunagaru/hiroba/,　,　,,,,,,,,,,,,,,,,,,,,,,,
,,児童館（一覧）,,,データベース,,https://www.hamamatsu-pippi.net/tsunagaru/jido/,　,子育て支援課　,,,,,,,,,,,,,,,,,,,,,,,
,,子育て支援ひろば（shien_hiroba）,,,フォルダー,tsunagaru/hiroba/shien_hiroba,https://www.hamamatsu-pippi.net/bunya/shien_hiroba/,　,子育て支援課　,,,,,,,,,,,,,,,,,,,,,,,
,,,子育て支援ひろば,,記事ページ,,https://www.hamamatsu-pippi.net/docs/2014051400014/,　,子育て支援課　,●,●,●,,,,,,,,,,,,,,,,,,,,
,,,新型コロナウイルスの感染拡大防止におけるお願い,,記事ページ,,https://www.hamamatsu-pippi.net/docs/2021052100126/,　,,,,,,,,,,,,,,,,,,,,,,,,
,,,子育て支援ひろば一覧,,データベース,,https://www.hamamatsu-pippi.net/tsunagaru/h_kosodate/,　,子育て支援課　,●,●,●,,,,,,,,,,,,,●,●,●,●,●,●,●,
,,,子育て支援ひろば今月のチラシ,,記事ページ,,https://www.hamamatsu-pippi.net/docs/2016062000030/,　,子育て支援課　,●,●,●,,,,,,,,,,,,,,,,,,,,
,,,新型コロナウイルスの感染拡大防止におけるお願い,,記事ページ,,https://www.hamamatsu-pippi.net/docs/2021052100126/,　,,,,,,,,,,,,,,,,,,,,,,,,
,,親子ひろば一覧,,,データベース,,https://www.hamamatsu-pippi.net/tsunagaru/h_hoikuen/,　,幼児教育・保育課,,●,●,,,,,,,,,,,,,●,●,●,●,●,●,●,
,,中山間地域親子ひろば一覧,,,データベース,,https://www.hamamatsu-pippi.net/tsunagaru/h_chusankan/,　,子育て支援課　,,●,●,,,,,,,,,,,,,,,,,,,●,
,,私立幼稚園の子育て支援カレンダー（※保育・教育の「幼稚園」に詳細ページがある。）,,,記事ページ,,https://www.hamamatsu-pippi.net/docs/2015042200033/,　,NPO法人はままつ子育てネットワークぴっぴ,,,●,,,,,,,,,,,,,,,,,,,,
,子ども食堂(kodomoshokudo),,,,フォルダー,tsunagaru/kodomoshokudo,https://www.hamamatsu-pippi.net/bunya/kodomoshokudo/,　,　,,,,,,,,,,,,,,,,,,,,,,,
,,子ども食堂一覧,,,データベース,,https://www.hamamatsu-pippi.net/tsunagaru/k_shokudo/,　,子育て支援課　,,,,,,,,,,●,,,,,,,,,,,,,
,,子ども食堂への寄付やボランティア参加、立ち上げに関する相談,,,記事ページ,,https://www.hamamatsu-pippi.net/docs/2020120400052/,　,子育て支援課　,,,,,,,,,,,,,,,,,,,,,,,
,学習支援(gakushushien),,,,フォルダー,tsunagaru/gakushushien,https://www.hamamatsu-pippi.net/bunya/gakushushien/,　,子育て支援課　,,,,,,,,,,,,,,,,,,,,,,,
,,はままつ子どもの学習支援教室,,,記事ページ,,https://www.hamamatsu-pippi.net/docs/2021060400072/,　,子育て支援課　,,,,,,,,,,●,,,,,,,,,,,,,
,,はままつ子どもの学習支援教室一覧,,,データベース,,https://www.hamamatsu-pippi.net/tsunagaru/ben_itaku/,　,,,,,,,,,,,,,,,,,,,,,,,,
,,その他の民間学習支援一覧,,,データベース,,https://www.hamamatsu-pippi.net/tsunagaru/ben_minkan/,　,,,,,,,,,,,,,,,,,,,,,,,,
,公園・公共施設（※旧：おでかけ）（publicfacility）,,,,フォルダー,tsunagaru/publicfacility,https://www.hamamatsu-pippi.net/tsunagaru/odekake/,　,　,,,,,,,,,,,,,,,,,,,,,,,
,,人気の公園一覧,,,データベース,,https://www.hamamatsu-pippi.net/tsunagaru/koen/,　,NPO法人はままつ子育てネットワークぴっぴ,,,,,,,,,,,,,,,,,,,,,,,
,,子どもと行ける公共施設一覧,,,データベース,,https://www.hamamatsu-pippi.net/tsunagaru/kokyo/,　,NPO法人はままつ子育てネットワークぴっぴ,,,,,,,,,,,,,,,,,,,,,,,
,,文化教養施設一覧（※新規）,,,データベース,,,,,,,,,,,,,,,,,,,,,,,,,,,
,,プール一覧（※オープンデータなしjoruriから移行）,,,データベース,,https://www.hamamatsu-pippi.net/tsunagaru/pool/,　,NPO法人はままつ子育てネットワークぴっぴ,,,,,,,,,,,,,,,,,,,,,,,
,,,浜松城公園　児童プール,,データベース,,https://www.hamamatsu-pippi.net/tsunagaru/pool/2015072900064/,　,NPO法人はままつ子育てネットワークぴっぴ,,,,,,,,,,,,,,,,,,,,,,,
,,,和地山公園　児童プール,,データベース,,https://www.hamamatsu-pippi.net/tsunagaru/pool/2015072900071/,　,NPO法人はままつ子育てネットワークぴっぴ,,,,,,,,,,,,,,,,,,,,,,,
,,,船越公園　児童プール,,データベース,,https://www.hamamatsu-pippi.net/tsunagaru/pool/2015072900095/,　,NPO法人はままつ子育てネットワークぴっぴ,,,,,,,,,,,,,,,,,,,,,,,
,,,北部水泳場,,データベース,,https://www.hamamatsu-pippi.net/tsunagaru/pool/2015072900040/,　,NPO法人はままつ子育てネットワークぴっぴ,,,,,,,,,,,,,,,,,,,,,,,
,,,相生公園　児童プール,,データベース,,https://www.hamamatsu-pippi.net/tsunagaru/pool/2015072900088/,　,NPO法人はままつ子育てネットワークぴっぴ,,,,,,,,,,,,,,,,,,,,,,,
,,,古橋廣之進記念浜松市総合水泳場 ToBiO,,データベース,,https://www.hamamatsu-pippi.net/tsunagaru/pool/2015072900118/,　,NPO法人はままつ子育てネットワークぴっぴ,,,,,,,,,,,,,,,,,,,,,,,
,,,舞阪表浜公園　児童プール,,データベース,,https://www.hamamatsu-pippi.net/tsunagaru/pool/2015072900101/,　,NPO法人はままつ子育てネットワークぴっぴ,,,,,,,,,,,,,,,,,,,,,,,
,,,亀崎ファミリーランドプール,,データベース,,https://www.hamamatsu-pippi.net/tsunagaru/pool/2015072900149/,　,NPO法人はままつ子育てネットワークぴっぴ,,,,,,,,,,,,,,,,,,,,,,,
,,,可美公園総合センター,,データベース,,https://www.hamamatsu-pippi.net/tsunagaru/pool/2015072900132/,　,NPO法人はままつ子育てネットワークぴっぴ,,,,,,,,,,,,,,,,,,,,,,,
,,,浜北温水プール（グリーンアクア）,,データベース,,https://www.hamamatsu-pippi.net/tsunagaru/pool/2015072900125/,　,NPO法人はままつ子育てネットワークぴっぴ,,,,,,,,,,,,,,,,,,,,,,,
,,,天竜B&G海洋センター,,データベース,,https://www.hamamatsu-pippi.net/tsunagaru/pool/2015072900156/,　,NPO法人はままつ子育てネットワークぴっぴ,,,,,,,,,,,,,,,,,,,,,,,
,,図書館一覧,,,データベース,,https://www.hamamatsu-pippi.net/docs/2014022100196/,　,NPO法人はままつ子育てネットワークぴっぴ,,,,,,,,,,,,,,,,,,,,,,,
,メルマガ&SNS,ぴっぴメールニュース（終了）,,,削除,,https://www.hamamatsu-pippi.net/docs/2014031100026/,　,NPO法人はままつ子育てネットワークぴっぴ,,,,,,,,,,,,,,,,,,,,,,,
,LINE＆SNS（sns)※新規作成,,,,フォルダー,tsunagaru/sns,,,ぴっぴ,,,,,,,,,,,,,,,,,,,,,,,
,,LINE（※新規作成）,,,新設,,,,ぴっぴ,,,,,,,,,,,,,,,,,,,,,,,
,,SNS（※新規作成）,,,新設,,,,ぴっぴ,,,,,,,,,,,,,,,,,,,,,,,
,子どもと大人の出張講座（seminer）,,,,フォルダー,tsunagaru/seminer,https://www.hamamatsu-pippi.net/seminer/,　,NPO法人はままつ子育てネットワークぴっぴ,,,,,,,,,,,,,,,,,,,,,,,
,,子どもと大人の出張講座検索,,,データベース,,,　,NPO法人はままつ子育てネットワークぴっぴ,,,,,,,,,,,,,,,,,,,,,,,
,,子どもと大人の出張講座に登録するには（※https://www.hamamatsu-pippi.net/seminer/の下部内容を移設）,,,データベース,,https://www.hamamatsu-pippi.net/seminer/,　,NPO法人はままつ子育てネットワークぴっぴ,,,,,,,,,,,,,,,,,,,,,,,
,子育て応援企業募集中（oen),,,,フォルダー,tsunagaru/oen,https://www.hamamatsu-pippi.net/tsunagaru/oen/,　,NPO法人はままつ子育てネットワークぴっぴ,,,,,,,,,,,,,,,,,,,,,,,
,,子育て応援企業募集中,,,記事ページ,,https://www.hamamatsu-pippi.net/docs/2014030600015/,　,NPO法人はままつ子育てネットワークぴっぴ,,,,,,,,,,,,,,,,,,,,,,,
,,バナー広告のご案内,,,記事ページ,,https://www.hamamatsu-pippi.net/docs/2014031800018/,　,NPO法人はままつ子育てネットワークぴっぴ,,,,,,,,,,,,,,,,,,,,,,,
ぴっぴのブログ（blog）,,,,,フォルダー,blog,https://www.hamamatsu-pippi.net/shiritai/blog/,　,NPO法人はままつ子育てネットワークぴっぴ,,,,,,,,,,,,,,,,,,,,,,,
,子連れでおでかけ（odekake）,,,,フォルダー,blog/odekake,https://www.hamamatsu-pippi.net/shiritai/blog/odekake/,　,NPO法人はままつ子育てネットワークぴっぴ,,,,,,,,,,,,,,,,,,,,,,,
,子育てのヒント（hint）,,,,フォルダー,blog/hint,https://www.hamamatsu-pippi.net/shiritai/blog/odekake/,　,NPO法人はままつ子育てネットワークぴっぴ,,,,,,,,,,,,,,,,,,,,,,,
,特集記事（旧:ぴっぴのイチオシ！（report）,,,,フォルダー,blog/report,https://www.hamamatsu-pippi.net/shiritai/ichioshi/,　,NPO法人はままつ子育てネットワークぴっぴ,,,,,,,,,,,,,,,,,,,,,,,
マイページ,,,,,新設,,,,,,,,,,,,,,,,,,,,,,,,,,,
,LINE利用規約,,,,新設,,,,,,,,,,,,,,,,,,,,,,,,,,,
,LINE設定画面,,,,新設,,,,,,,,,,,,,,,,,,,,,,,,,,,
イベント event,,,,,新設,,,,,,,,,,,,,,,,,,,,,,,,,,,
新着情報 news,地域型保育事業,,,,新設,,,,,,,,,,,,,,,,,,,,,,,,,,,
,トピックス,,,,新設,,,,,,,,,,,,,,,,,,,,,,,,,,,
,更新情報,,,,新設,,,,,,,,,,,,,,,,,,,,,,,,,,,
,緊急情報,,,,新設,,,,,,,,,,,,,,,,,,,,,,,,,,,
フォトギャラリー,,,,,新設,,,,,,,,,,,,,,,,,,,,,,,,,,,
子育てするなら浜松市,,,,,新設,,,,,,,,,,,,,,,,,,,,,,,,,,,
このサイトについて　about,,,,,新設,,,,,,,,,,,,,,,,,,,,,,,,,,,
個人情報及び著作権について privacy,,,,,新設,,,,,,,,,,,,,,,,,,,,,,,,,,,
このサイトの使い方guide,,,,,新設,,,,,,,,,,,,,,,,,,,,,,,,,,,
サイトマップ  sitemap,,,,,新設,,,,,,,,,,,,,,,,,,,,,,,,,,,
お問い合わせ contact,,,,,新設,,,,,,,,,,,,,,,,,,,,,,,,,,,
リンク集 link,,,,,新設,,,,,,,,,,,,,,,,,,,,,,,,,,,
,,,,,,,,,,,,,,,,,,,,,,,,,,,,,,,,
,,,担当課の非表示,,,,,,,,,,,,,,,,,,,,,,,,,,,,,
,,,データベース,,,,,,,,,,,,,,,,,,,,,,,,,,,,,
,,,新設,,,,,,,,,,,,,,,,,,,,,,,,,,,,,
,,,フォルダ（一覧）,,,,,,,,,,,,,,,,,,,,,,,,,,,,,
,,,削除,,,,,,,,,,,,,,,,,,,,,,,,,,,,,
,,,,,,,,,,,,,,,,,,,,,,,,,,,,,,,,
,,,,,,,,,,,,,,,,,,,,,,,,,,,,,,,,
,,,,,,,,,,,,,,,,,,,,,,,,,,,,,,,,
,,,,,,,,,,,,,,,,,,,,,,,,,,,,,,,,
,,知りたい shiritai,,,,,,,,,,,,,,,,,,,,,,,,,,,,,,
,検索（タグ）,相談したい sodan,,,,,,,,,,,,,,,,,,,,,,,,,,,,,,
,,つながりたい tsunagaru,,,,,,,,,,,,,,,,,,,,,,,,,,,,,,
,,年齢別,,,,,,,,,,,,,,,,,,,,,,,,,,,,,,
,,nenrei,妊娠中 ninshin,,,,,,,,,,,,,,,,,,,,,,,,,,,,,
,,,赤ちゃん akachan,,,,,,,,,,,,,,,,,,,,,,,,,,,,,
,,,１～２歳 1_2sai,,,,,,,,,,,,,,,,,,,,,,,,,,,,,
,,,,1歳,,,,,,,,,,,,,,,,,,,,,,,,,,,,
,,,,2歳,,,,,,,,,,,,,,,,,,,,,,,,,,,,
,,,３～５歳 3_5sai,,,,,,,,,,,,,,,,,,,,,,,,,,,,,
,,,,3歳,,,,,,,,,,,,,,,,,,,,,,,,,,,,
,,,,4歳,,,,,,,,,,,,,,,,,,,,,,,,,,,,
,,,,5歳,,,,,,,,,,,,,,,,,,,,,,,,,,,,
,,,小学生以上 syogakusei,,,,,,,,,,,,,,,,,,,,,,,,,,,,,
,,地域別　chiiki,,,,,,,,,,,,,,,,,,,,,,,,,,,,,,
,,,中区　nakaku ,,,,,,,,,,,,,,,,,,,,,,,,,,,,,
,,,東区　higashiku,,,,,,,,,,,,,,,,,,,,,,,,,,,,,
,,,西区　nisiku,,,,,,,,,,,,,,,,,,,,,,,,,,,,,
,,,南区　minaimku,,,,,,,,,,,,,,,,,,,,,,,,,,,,,
,,,北区　kitaku,,,,,,,,,,,,,,,,,,,,,,,,,,,,,
,,,浜北区　hamakitaku ,,,,,,,,,,,,,,,,,,,,,,,,,,,,,
,,,天竜区　tenryuku,,,,,,,,,,,,,,,,,,,,,,,,,,,,,
,,ケース別　,,,,,,,,,,,,,,,,,,,,,,,,,,,,,,
,,case,障がい syogai,,,,,,,,,,,,,,,,,,,,,,,,,,,,,
,,,ひとり親　hitorioya,,,,,,,,,,,,,,,,,,,,,,,,,,,,,
,,,引越し hikkoshi,,,,,,,,,,,,,,,,,,,,,,,,,,,,,
,,,働く hataraku,,,,,,,,,,,,,,,,,,,,,,,,,,,,,